RETAILER_CODE,RANG,GAME_CODE_RECOMMANDE,SCORE_POPULARITE_GLOBALE
10000001,1,6,110542381444
10000001,2,3,100484510032
10000001,3,7,98673824793
10000001,4,5,95018832108
10000001,5,2,92591841905
20200700,1,6,110542381444
20200700,2,3,100484510032
20200700,3,7,98673824793
20200700,4,5,95018832108
20200700,5,2,92591841905
20201001,1,6,110542381444
20201001,2,3,100484510032
20201001,3,7,98673824793
20201001,4,5,95018832108
20201001,5,4,85292757074
20202701,1,6,110542228082
20202701,2,7,98673671914
20202701,3,5,95018747746
20202701,4,4,85292762690
20202701,5,1,59492690176
20203301,1,6,110032665891
20203301,2,3,99426543574
20203301,3,2,91656629914
20203301,4,4,85292762690
20203301,5,1,59492690176
20203801,1,7,98673346082
20203801,2,5,95018683370
20203801,3,2,92591390656
20203801,4,4,85292316587
20203801,5,1,59492425761
20204101,1,3,100484504583
20204101,2,7,98673819634
20204101,3,5,95018824908
20204101,4,1,59492684930
20204101,5,10,51487674237
20204401,1,6,110542381444
20204401,2,3,100484510032
20204401,3,7,98673824793
20204401,4,5,95018832108
20204401,5,2,92591841905
20204801,1,7,98673683589
20204801,2,2,92591841905
20204801,3,4,85292678746
20204801,4,1,59492581247
20204801,5,10,51487674237
20205101,1,3,100484494760
20205101,2,5,95018823515
20205101,3,2,92591841905
20205101,4,4,85292762690
20205101,5,1,59492690176
20205301,1,6,110542381444
20205301,2,2,92591790324
20205301,3,4,85292762690
20205301,4,1,59492600944
20205301,5,10,51487674237
20205801,1,3,100484509716
20205801,2,7,98673824793
20205801,3,2,92591841610
20205801,4,4,85292762499
20205801,5,1,59492690176
20206101,1,6,110542381444
20206101,2,3,100484510032
20206101,3,7,98673824793
20206101,4,5,95018832108
20206101,5,2,92591636824
20206501,1,3,100484498057
20206501,2,7,98673824793
20206501,3,5,95018832108
20206501,4,4,85292762690
20206501,5,1,59492690176
20206701,1,6,110490799342
20206701,2,5,94957686537
20206701,3,2,92591841905
20206701,4,4,85246177534
20206701,5,10,51487674237
20206901,1,6,110542381444
20206901,2,3,100484510032
20206901,3,7,98673824793
20206901,4,5,95018832108
20206901,5,2,92591841905
20207101,1,6,110542381444
20207101,2,3,100484510032
20207101,3,7,98673824793
20207101,4,5,95018832108
20207101,5,2,92591841905
20207501,1,6,110542381444
20207501,2,3,100484510032
20207501,3,7,98673824793
20207501,4,5,95018832108
20207501,5,2,92591841905
20211250,1,6,110505772283
20211250,2,7,98673824793
20211250,3,5,94944491313
20211250,4,2,92591841905
20211250,5,4,85235106044
20216301,1,6,110542355228
20216301,2,3,100484510032
20216301,3,5,95018817627
20216301,4,1,59492676428
20216301,5,10,51487631185
20216901,1,6,110542381444
20216901,2,3,100484393238
20216901,3,7,98673824793
20216901,4,2,92591757331
20216901,5,4,85292762690
20217101,1,6,110542367762
20217101,2,3,100484496341
20217101,3,7,98673815917
20217101,4,5,95018815205
20217101,5,2,92591830209
20217301,1,3,100484510032
20217301,2,5,95018764431
20217301,3,2,92591841905
20217301,4,4,85292710813
20217301,5,10,51487605830
20217601,1,3,100484510032
20217601,2,7,98673824793
20217601,3,5,95017467461
20217601,4,2,92591841905
20217601,5,4,85291861758
20218001,1,6,110350907485
20218001,2,3,100484510032
20218001,3,5,94940438637
20218001,4,4,85196552461
20218001,5,1,59294220528
20218901,1,6,110542381444
20218901,2,3,100484493566
20218901,3,7,98673824793
20218901,4,2,92591841905
20218901,5,1,59492690176
20225901,1,6,110542381444
20225901,2,7,98673731382
20225901,3,5,95018832108
20225901,4,1,59492578100
20225901,5,10,51487564174
20235901,1,6,110542381444
20235901,2,7,98622380454
20235901,3,2,92552626148
20235901,4,4,85292762690
20235901,5,1,59492690176
20279601,1,3,100484342453
20279601,2,7,98673658254
20279601,3,5,95018741216
20279601,4,4,85292762690
20279601,5,9,49803596964
20308801,1,3,100484360041
20308801,2,7,98673456687
20308801,3,4,85292762690
20308801,4,1,59492392239
20308801,5,10,51487674237
20400101,1,6,110542376966
20400101,2,5,95018830150
20400101,3,2,92591836435
20400101,4,4,85292760252
20400101,5,10,51487674237
20400301,1,6,110542381444
20400301,2,3,100484510032
20400301,3,7,98673824793
20400301,4,5,95018832108
20400301,5,2,92590262618
20401101,1,6,110536167736
20401101,2,5,95018832108
20401101,3,2,92587697300
20401101,4,4,85290446050
20401101,5,10,51487674237
20401900,1,6,110542247866
20401900,2,3,100484419533
20401900,3,5,95018783785
20401900,4,1,59492601139
20401900,5,10,51487514698
20418201,1,6,110542381444
20418201,2,3,100361776676
20418201,3,7,98673824793
20418201,4,2,92591841905
20418201,5,4,85022545625
20600301,1,6,110542381444
20600301,2,3,100484510032
20600301,3,7,98673824793
20600301,4,5,95018832108
20600301,5,2,92578486698
20614601,1,6,110542255457
20614601,2,3,100484510032
20614601,3,7,98673786584
20614601,4,5,95018748250
20614601,5,9,49803608379
20624301,1,6,110529940484
20624301,2,3,100476405172
20624301,3,5,95013120564
20624301,4,2,92591841905
20624301,5,4,85292762690
20800001,1,7,98673824793
20800001,2,5,94915519751
20800001,3,2,92411549116
20800001,4,1,59396726569
20800001,5,10,51487674237
20801201,1,6,110541861285
20801201,2,5,95018570853
20801201,3,2,92591364544
20801201,4,4,85292762690
20801201,5,10,51487674237
20801501,1,6,110542254460
20801501,2,7,98673614127
20801501,3,4,85292762690
20801501,4,1,59492562412
20801501,5,10,51487440149
20801701,1,3,100484510032
20801701,2,5,95018819995
20801701,3,2,92591841905
20801701,4,4,85292762690
20801701,5,1,59492681321
20801801,1,6,110542381444
20801801,2,3,100484510032
20801801,3,7,98673824793
20801801,4,5,95018832108
20801801,5,2,92584684329
20802001,1,6,110509700531
20802001,2,3,100445910077
20802001,3,2,92551934776
20802001,4,4,85292762690
20802001,5,1,59444136234
20805601,1,6,110542381444
20805601,2,3,100484510032
20805601,3,7,98673824793
20805601,4,5,95018832108
20805601,5,2,92591841905
20806501,1,3,100415641346
20806501,2,7,98673824793
20806501,3,5,94914528286
20806501,4,1,59402652259
20806501,5,10,51487674237
20826200,1,6,110542381444
20826200,2,5,94139408398
20826200,3,2,92026855039
20826200,4,1,58950306228
20826200,5,9,49561885048
20826601,1,7,98673814263
20826601,2,5,95018832108
20826601,3,2,92591805853
20826601,4,4,85292731090
20826601,5,1,59492690176
20900210,1,7,98673824793
20900210,2,2,92591841905
20900210,3,4,85292762690
20900210,4,1,59492007554
20900210,5,10,51486542432
20900910,1,3,100484510032
20900910,2,7,98673824793
20900910,3,5,95018832108
20900910,4,2,92559668393
20900910,5,4,85292762690
20905520,1,6,110542381444
20905520,2,3,100484510032
20905520,3,7,98673824793
20905520,4,5,95018832108
20905520,5,2,92591841905
21000301,1,7,98533138256
21000301,2,5,94885842673
21000301,3,4,85156451148
21000301,4,10,51385768188
21000301,5,9,49803711446
21008901,1,3,100484223075
21008901,2,7,98673824793
21008901,3,5,95018832108
21008901,4,1,59492690176
21008901,5,10,51487379249
21027000,1,3,100484190656
21027000,2,5,95018610731
21027000,3,2,92591089351
21027000,4,1,59492132899
21027000,5,10,51487475377
21100001,1,6,110541685328
21100001,2,3,100483873421
21100001,3,5,95018450855
21100001,4,2,92591841905
21100001,5,9,49803369755
21100160,1,6,110542381444
21100160,2,3,100484510032
21100160,3,7,98673824793
21100160,4,5,95018832108
21100160,5,2,92591841905
21101850,1,5,95018360124
21101850,2,4,85292428942
21101850,3,1,59491985128
21101850,4,10,51487582376
21101850,5,9,49803328553
21102301,1,6,110542381444
21102301,2,3,100484510032
21102301,3,7,98673824793
21102301,4,5,95018832108
21102301,5,2,92579970322
21104701,1,6,110499181734
21104701,2,3,100469848727
21104701,3,2,92557662785
21104701,4,4,85292762690
21104701,5,1,59461520879
21104801,1,6,110542381444
21104801,2,3,100484510032
21104801,3,7,98673824793
21104801,4,5,95018832108
21104801,5,2,92591841905
21105001,1,6,110542381444
21105001,2,3,100484510032
21105001,3,7,98673824793
21105001,4,5,95018832108
21105001,5,2,92591841905
21105501,1,3,100484510032
21105501,2,7,98673824793
21105501,3,5,95018590326
21105501,4,2,92591841905
21105501,5,4,85292762690
21105801,1,3,100484494667
21105801,2,7,98673824793
21105801,3,5,95018810756
21105801,4,4,85292741747
21105801,5,1,59492671466
21106701,1,3,100469392528
21106701,2,5,95018832108
21106701,3,2,92569392104
21106701,4,4,85292762690
21106701,5,1,59492690176
21107401,1,3,100484506077
21107401,2,7,98673824793
21107401,3,5,95018828540
21107401,4,4,85292758917
21107401,5,1,59492690176
21107601,1,6,110542381444
21107601,2,3,100484510032
21107601,3,7,98673824793
21107601,4,5,95018832108
21107601,5,2,92591841905
21108020,1,6,110542381444
21108020,2,3,100484510032
21108020,3,7,98673824793
21108020,4,5,95018832108
21108020,5,2,92591841905
21110401,1,3,100484504785
21110401,2,7,98673810738
21110401,3,5,95018824448
21110401,4,4,85292751855
21110401,5,9,49803705582
21111301,1,6,110542381206
21111301,2,7,98673824793
21111301,3,5,95018831938
21111301,4,2,92591841672
21111301,5,4,85292762690
21117001,1,6,110542381444
21117001,2,3,100484510032
21117001,3,7,98673824793
21117001,4,5,95018832108
21117001,5,2,92591841567
21125901,1,6,110542319957
21125901,2,5,95018729689
21125901,3,4,85292762690
21125901,4,1,59492597430
21125901,5,10,51487674237
21126501,1,6,110542312705
21126501,2,7,98673749033
21126501,3,5,95018832108
21126501,4,4,85292762690
21126501,5,1,59492634564
21126700,1,6,110542203433
21126700,2,5,95018590042
21126700,3,4,85292622960
21126700,4,1,59492388495
21126700,5,10,51487548258
21146501,1,3,100484211473
21146501,2,7,98673487367
21146501,3,2,92591841905
21146501,4,1,59492690176
21146501,5,10,51487266808
21146701,1,6,110542381444
21146701,2,3,100484510032
21146701,3,7,98673824793
21146701,4,5,95018832108
21146701,5,2,92591841905
21146901,1,6,110542381444
21146901,2,3,100484474541
21146901,3,2,92591750106
21146901,4,4,85292762690
21146901,5,1,59492612633
21200301,1,6,110542381444
21200301,2,3,100484510032
21200301,3,7,98673824793
21200301,4,5,95018832108
21200301,5,2,92573669736
21200501,1,3,100484510032
21200501,2,7,98673824793
21200501,3,5,95018832108
21200501,4,4,85292075823
21200501,5,1,59492143483
21201230,1,3,100351243617
21201230,2,5,95018832108
21201230,3,2,92591841905
21201230,4,4,85161814350
21201230,5,1,59492690176
21201901,1,3,100484510032
21201901,2,7,98673824793
21201901,3,5,95018832108
21201901,4,2,92340647390
21201901,5,4,85292762690
21202250,1,3,100481271048
21202250,2,7,98671692482
21202250,3,5,95018832108
21202250,4,1,59489718323
21202250,5,10,51487674237
21211401,1,7,98673815919
21211401,2,5,95018802448
21211401,3,2,92591813022
21211401,4,4,85292762690
21211401,5,1,59492681831
21217101,1,3,100484510032
21217101,2,5,94977921909
21217101,3,2,92591841905
21217101,4,4,85223618125
21217101,5,1,59413530305
21226200,1,6,110542381444
21226200,2,3,100484510032
21226200,3,7,98673711322
21226200,4,2,92591726487
21226200,5,4,85292762690
21300301,1,6,110542381444
21300301,2,3,100457611542
21300301,3,5,94998412613
21300301,4,4,85260528586
21300301,5,1,59492690176
21301010,1,7,98557017801
21301010,2,5,94723665788
21301010,3,4,85292762690
21301010,4,1,59492690176
21301010,5,10,51231855997
21302201,1,3,100475519787
21302201,2,5,95018832108
21302201,3,2,92591841905
21302201,4,4,85292762690
21302201,5,1,59489461389
21302301,1,6,110541886666
21302301,2,3,100484510032
21302301,3,4,85292489919
21302301,4,10,51487318241
21302301,5,9,49803373561
21302401,1,3,100484510032
21302401,2,7,98673824793
21302401,3,5,95018832108
21302401,4,2,92590920069
21302401,5,1,59492690176
21400110,1,7,98673761247
21400110,2,5,95018796880
21400110,3,2,92591841905
21400110,4,4,85292718929
21400110,5,10,51487633954
21400210,1,6,110542323649
21400210,2,7,98673771590
21400210,3,5,95018805007
21400210,4,4,85292743949
21400210,5,10,51487633394
21400401,1,6,110542381444
21400401,2,3,100484510032
21400401,3,7,98673824793
21400401,4,5,95018832108
21400401,5,2,92591723554
21517001,1,6,110542142969
21517001,2,7,98673824793
21517001,3,2,92591510540
21517001,4,1,59492531369
21517001,5,10,51487429016
21900001,1,6,110542381444
21900001,2,3,100484510032
21900001,3,7,98673824533
21900001,4,5,95018832108
21900001,5,4,85292762690
22000001,1,6,110542381444
22000001,2,3,100484510032
22000001,3,7,98673824793
22000001,4,5,95016448203
22000001,5,2,92591841905
22000101,1,6,110542381444
22000101,2,3,100484510032
22000101,3,7,98673824793
22000101,4,5,95018832108
22000101,5,2,92591841905
22000201,1,6,110542381444
22000201,2,3,100484510032
22000201,3,7,98673824793
22000201,4,5,95018832108
22000201,5,2,92591841905
22000301,1,6,110542381444
22000301,2,3,100484510032
22000301,3,7,98673824793
22000301,4,5,95018832108
22000301,5,4,85292762356
25400101,1,7,83231155843
25400101,2,4,72272381070
25400101,3,2,68468676845
25400101,4,1,59492690176
25400101,5,10,51487674237
25400401,1,6,110542381444
25400401,2,3,100484510032
25400401,3,7,98673824793
25400401,4,5,95018832108
25400401,5,2,92591841905
25400601,1,6,110542381444
25400601,2,3,100484510032
25400601,3,7,98673824793
25400601,4,5,95018832108
25400601,5,2,92591841905
25400701,1,5,95018819337
25400701,2,4,85292749909
25400701,3,1,59492682269
25400701,4,10,51487668859
25400701,5,9,49803699150
25400801,1,6,110508325760
25400801,2,7,98649964876
25400801,3,5,94975907024
25400801,4,1,59398599159
25400801,5,9,49803711446
25400901,1,6,110542381444
25400901,2,3,100484510032
25400901,3,7,98673824793
25400901,4,5,95018832108
25400901,5,2,92591841905
25401101,1,6,110542381444
25401101,2,3,100484510032
25401101,3,7,98673824793
25401101,4,5,95018832108
25401101,5,2,92591841905
25401201,1,6,110542381444
25401201,2,3,100484510032
25401201,3,7,98673824793
25401201,4,5,95018832108
25401201,5,2,92591841905
25401301,1,6,110542381444
25401301,2,7,98673824793
25401301,3,5,95018832108
25401301,4,2,92591841905
25401301,5,4,85288541788
25401501,1,7,98673824793
25401501,2,2,92591841905
25401501,3,4,85292762690
25401501,4,1,59492689800
25401501,5,10,51487673923
25401601,1,6,110517471716
25401601,2,7,98648498279
25401601,3,5,94992567357
25401601,4,2,92591841905
25401601,5,1,59492690176
25401701,1,6,110542381444
25401701,2,3,100484510032
25401701,3,7,98673824793
25401701,4,5,95018832108
25401701,5,2,92591841905
25401801,1,5,94548883160
25401801,2,2,92235263380
25401801,3,4,84831917390
25401801,4,1,59130571337
25401801,5,10,51487674237
25401901,1,6,110542381444
25401901,2,3,100484510032
25401901,3,5,95018823492
25401901,4,2,92591837856
25401901,5,4,85292762690
26100201,1,6,110542366839
26100201,2,5,95018814923
26100201,3,2,92591820436
26100201,4,4,85292745687
26100201,5,9,49803688964
26100301,1,3,100354487841
26100301,2,7,98673824793
26100301,3,5,94865615434
26100301,4,4,85292762690
26100301,5,1,59383581441
26100401,1,6,110542381444
26100401,2,3,100484510032
26100401,3,7,98673824793
26100401,4,5,95018832108
26100401,5,2,92591841905
26100501,1,6,110542381444
26100501,2,3,100484510032
26100501,3,7,98673824793
26100501,4,5,95018832108
26100501,5,2,92591841905
26108101,1,3,100478820363
26108101,2,7,98669958102
26108101,3,5,95018832108
26108101,4,2,92585208412
26108101,5,4,85288273767
26115701,1,6,110542381444
26115701,2,3,100484510032
26115701,3,7,98673823125
26115701,4,5,95018832108
26115701,5,1,59492688281
26116600,1,6,110542379842
26116600,2,5,95018831073
26116600,3,2,92591841905
26116600,4,4,85292762119
26116600,5,10,51487674237
26118101,1,3,100484509540
26118101,2,7,98673824793
26118101,3,5,95018831894
26118101,4,2,92591841905
26118101,5,4,85292762690
28800001,1,6,110542381444
28800001,2,3,100484510032
28800001,3,7,98673824793
28800001,4,5,95018832108
28800001,5,2,92582364970
28800101,1,6,110542381444
28800101,2,3,100484510032
28800101,3,7,98673824793
28800101,4,5,95018832108
28800101,5,2,92591841905
28900201,1,3,100006200117
28900201,2,7,98673824793
28900201,3,5,95018832108
28900201,4,4,85127781282
28900201,5,1,59429826189
28900810,1,6,110541678802
28900810,2,3,100483370032
28900810,3,7,98673824793
28900810,4,2,92589955814
28900810,5,4,85292762690
28900901,1,3,100484227308
28900901,2,7,98673585938
28900901,3,5,95018511300
28900901,4,2,92591590288
28900901,5,10,51487674237
28901701,1,3,100327536055
28901701,2,7,98673824793
28901701,3,2,92591841905
28901701,4,4,85292762690
28901701,5,1,59492690176
28902701,1,3,100149107435
28902701,2,5,94678039226
28902701,3,2,92247098143
28902701,4,10,51155234350
28902701,5,9,49517459629
28903401,1,6,110540558183
28903401,2,7,98672656917
28903401,3,5,95017464504
28903401,4,1,59489629943
28903401,5,9,49799616725
28903701,1,6,110542381444
28903701,2,3,100484510032
28903701,3,7,98673824793
28903701,4,5,95018832108
28903701,5,2,92591841905
28904650,1,6,110542325979
28904650,2,7,98673704223
28904650,3,4,85292762690
28904650,4,1,59492690176
28904650,5,10,51487590603
28905301,1,6,110542381444
28905301,2,3,100484510032
28905301,3,7,98673824793
28905301,4,5,95018832108
28905301,5,2,92591841905
28905401,1,6,110471112888
28905401,2,3,100484510032
28905401,3,7,98569783252
28905401,4,5,95018832108
28905401,5,1,59428324077
28905601,1,6,110542381444
28905601,2,3,100484510032
28905601,3,7,98673824793
28905601,4,5,95018832108
28905601,5,2,92591841905
28905701,1,6,110542381444
28905701,2,3,100484510032
28905701,3,7,98673824793
28905701,4,5,95018832108
28905701,5,2,92591841905
28906401,1,3,100484510032
28906401,2,7,98673355694
28906401,3,5,95018560883
28906401,4,4,85292551903
28906401,5,1,59492690176
28906701,1,7,98666480441
28906701,2,2,92568238200
28906701,3,4,85277484173
28906701,4,10,51476387793
28906701,5,9,49789947273
28906801,1,6,110542297464
28906801,2,7,98673662462
28906801,3,4,85292619269
28906801,4,1,59492558005
28906801,5,10,51487674237
28907401,1,6,110542381444
28907401,2,3,100484447856
28907401,3,7,98673811281
28907401,4,2,92591841905
28907401,5,4,85292762690
28907901,1,3,100294500955
28907901,2,7,98673824793
28907901,3,5,94714018190
28907901,4,2,92333762563
28907901,5,4,85292762690
28908101,1,6,110542300746
28908101,2,7,98673740874
28908101,3,4,85292718032
28908101,4,1,59492690176
28908101,5,10,51487674237
28908401,1,3,100484503493
28908401,2,7,98673824793
28908401,3,2,92591835413
28908401,4,4,85292760215
28908401,5,10,51487669313
28908501,1,6,110542381444
28908501,2,3,100484510032
28908501,3,7,98673824793
28908501,4,5,95018832108
28908501,5,2,92591841905
28908750,1,6,110541981813
28908750,2,3,100484510032
28908750,3,7,98673824793
28908750,4,2,92591841905
28908750,5,4,85292762690
28908801,1,7,98673824793
28908801,2,5,95018832108
28908801,3,2,92591841905
28908801,4,4,85292648954
28908801,5,1,59492621362
28909001,1,6,110500765699
28909001,2,5,94936132527
28909001,3,4,85248078147
28909001,4,1,59447195753
28909001,5,10,51487674237
28909101,1,6,110330406940
28909101,2,7,98593325847
28909101,3,5,95018832108
28909101,4,2,92498023578
28909101,5,4,85292762690
28909201,1,6,110541498504
28909201,2,3,100484510032
28909201,3,7,98673824793
28909201,4,5,95018433288
28909201,5,1,59492193316
28909401,1,3,100447090502
28909401,2,7,98673824793
28909401,3,5,94994305394
28909401,4,2,92591841905
28909401,5,4,85260825755
28910101,1,6,110542378301
28910101,2,7,98673820743
28910101,3,5,95018832108
28910101,4,4,85292759366
28910101,5,1,59492686151
28911301,1,3,100483862802
28911301,2,5,95018832108
28911301,3,2,92591310354
28911301,4,10,51487247429
28911301,5,9,49803197633
28911601,1,6,110542381444
28911601,2,5,95018754698
28911601,3,2,92591814004
28911601,4,4,85292701666
28911601,5,1,59492629458
28911801,1,6,110540781604
28911801,2,3,100481005927
28911801,3,7,98673824793
28911801,4,5,95018832108
28911801,5,2,92591841905
28911901,1,6,110542354491
28911901,2,3,100484495850
28911901,3,7,98673824793
28911901,4,4,85292740935
28911901,5,1,59492668552
28914610,1,6,110542381444
28914610,2,3,100484510032
28914610,3,7,98673824793
28914610,4,5,95018766555
28914610,5,1,59492656015
28915320,1,6,110542366178
28915320,2,3,100484510032
28915320,3,2,92591800361
28915320,4,4,85292724848
28915320,5,1,59492661189
28916801,1,6,110542381444
28916801,2,3,100484510032
28916801,3,7,98673824793
28916801,4,5,95007801397
28916801,5,4,85292762690
28917401,1,6,110542381444
28917401,2,3,100484510032
28917401,3,7,98673824793
28917401,4,5,95018832108
28917401,5,2,92591841905
28917801,1,6,110542381444
28917801,2,3,100484510032
28917801,3,7,98673824793
28917801,4,5,95018832108
28917801,5,2,92591841905
28918001,1,6,110542381444
28918001,2,3,100484510032
28918001,3,7,98673824793
28918001,4,5,95018832108
28918001,5,2,92591841905
28918101,1,6,110542381444
28918101,2,3,100484510032
28918101,3,7,98673824793
28918101,4,5,95018832108
28918101,5,4,85292757664
28918601,1,6,110542381444
28918601,2,3,100484510032
28918601,3,7,98673824793
28918601,4,5,95018832108
28918601,5,2,92591841905
28923050,1,6,110542042298
28923050,2,3,100484139980
28923050,3,7,98673373143
28923050,4,2,92591841905
28923050,5,10,51487674237
28923250,1,6,110542381444
28923250,2,3,100484510032
28923250,3,5,95018832108
28923250,4,2,92591841905
28923250,5,4,85080352542
28929901,1,6,110542381444
28929901,2,3,100484510032
28929901,3,7,98673824793
28929901,4,5,95018832108
28929901,5,2,92591841905
28936501,1,6,110542381444
28936501,2,3,100484497788
28936501,3,7,98673824793
28936501,4,2,92591841905
28936501,5,4,85292741403
28956501,1,6,110541935043
28956501,2,3,100484510032
28956501,3,7,98673824793
28956501,4,2,92591565408
28956501,5,4,85292445614
29000001,1,6,110177503479
29000001,2,3,100120926364
29000001,3,1,59220014645
29000001,4,10,51214212415
29000001,5,9,49502017258
29000101,1,6,110542381444
29000101,2,7,98515502201
29000101,3,5,94893263691
29000101,4,4,85118685074
29000101,5,10,51286967081
29001301,1,6,110542381444
29001301,2,3,100484510032
29001301,3,7,98673824793
29001301,4,5,95018832108
29001301,5,2,92591841905
29001500,1,6,110540853896
29001500,2,3,100482221574
29001500,3,7,98672964051
29001500,4,2,92589571440
29001500,5,9,49801517331
29001601,1,6,110542195435
29001601,2,5,95018585398
29001601,3,2,92591609136
29001601,4,10,51487674237
29001601,5,9,49803488434
29002201,1,3,100484510032
29002201,2,7,98673824793
29002201,3,5,94843522219
29002201,4,1,59427615650
29002201,5,10,51487674237
29002830,1,6,110542381444
29002830,2,3,100484510032
29002830,3,7,98673824793
29002830,4,5,95018832108
29002830,5,2,92591841905
29003301,1,6,110542381444
29003301,2,3,100484510032
29003301,3,7,98673824793
29003301,4,5,95018832108
29003301,5,2,92591841905
29003601,1,6,110542359510
29003601,2,3,100484492353
29003601,3,5,95018810551
29003601,4,4,85292762690
29003601,5,9,49803696232
29005201,1,3,100484510032
29005201,2,5,95018831544
29005201,3,2,92591841306
29005201,4,4,85292761892
29005201,5,1,59492690176
29005301,1,6,110542381444
29005301,2,3,100484510032
29005301,3,7,98673824793
29005301,4,5,95018832108
29005301,5,2,92591841905
29005701,1,6,110542381444
29005701,2,3,100484510032
29005701,3,7,98673824793
29005701,4,5,95018832108
29005701,5,2,92591841905
29008901,1,6,110542260748
29008901,2,5,95018832108
29008901,3,2,92591785279
29008901,4,4,85292762690
29008901,5,1,59492468521
29011001,1,6,110160580734
29011001,2,3,100484510032
29011001,3,7,98673824793
29011001,4,4,84940206239
29011001,5,10,51137608606
29011601,1,6,110542381444
29011601,2,3,100484510032
29011601,3,7,98673824793
29011601,4,5,95018832108
29011601,5,2,92591841905
29015601,1,3,100100034614
29015601,2,5,95018832108
29015601,3,2,92140375370
29015601,4,4,85111735879
29015601,5,1,59492690176
29016700,1,6,110542091985
29016700,2,7,98673824793
29016700,3,5,95018579888
29016700,4,4,85292434517
29016700,5,1,59492274655
29019750,1,3,100484489354
29019750,2,7,98673806417
29019750,3,5,95018812767
29019750,4,1,59492663972
29019750,5,10,51487674237
29022030,1,5,95018711461
29022030,2,2,92591841905
29022030,3,4,85292717652
29022030,4,1,59492630123
29022030,5,9,49803633185
29022150,1,6,110542380327
29022150,2,3,100484502273
29022150,3,7,98673821169
29022150,4,5,95018829860
29022150,5,1,59492690176
29022201,1,6,110542381444
29022201,2,3,100484510032
29022201,3,7,98673824793
29022201,4,5,95018832108
29022201,5,2,92591841905
29100710,1,3,100095886915
29100710,2,7,98147113067
29100710,3,2,92591841905
29100710,4,10,50835675455
29100710,5,9,49119836778
29101010,1,6,110535135956
29101010,2,5,95018832108
29101010,3,2,92591841905
29101010,4,4,85257432615
29101010,5,1,59492690176
29101201,1,6,110542156812
29101201,2,3,100484216409
29101201,3,5,95018416278
29101201,4,4,85292762690
29101201,5,1,59492690176
29101310,1,3,100484510032
29101310,2,5,94808704125
29101310,3,2,92591841905
29101310,4,4,85065199718
29101310,5,1,59339754983
29101801,1,6,110215483313
29101801,2,3,100326587501
29101801,3,4,85292762690
29101801,4,1,59339090216
29101801,5,10,51363975218
29101901,1,6,109674268740
29101901,2,3,100484510032
29101901,3,2,91814005212
29101901,4,4,85292762690
29101901,5,1,58941389534
29102510,1,6,110542381444
29102510,2,7,98571690749
29102510,3,5,95018832108
29102510,4,2,92393509984
29102510,5,4,85292762690
29102790,1,6,110542381444
29102790,2,3,100484320794
29102790,3,7,98673697503
29102790,4,2,92591841905
29102790,5,4,85292762690
29103010,1,6,110542381444
29103010,2,3,100484510032
29103010,3,7,98673824793
29103010,4,5,95018832108
29103010,5,2,92591841905
29105010,1,6,110542381444
29105010,2,7,98673620714
29105010,3,5,95018551274
29105010,4,2,92591841905
29105010,5,4,85292482516
29105101,1,6,110542381444
29105101,2,5,95018634107
29105101,3,4,85292762690
29105101,4,1,59492330573
29105101,5,10,51487393964
29106501,1,6,110542381444
29106501,2,3,100484510032
29106501,3,7,98673824793
29106501,4,5,95018832108
29106501,5,2,92591841905
29106901,1,7,98673822942
29106901,2,2,92591841905
29106901,3,4,85292759004
29106901,4,1,59492690176
29106901,5,10,51487670320
29107301,1,3,100484282970
29107301,2,4,85292606599
29107301,3,1,59492449585
29107301,4,10,51487674237
29107301,5,9,49803550035
29108401,1,6,110542381444
29108401,2,3,100484510032
29108401,3,7,98673824793
29108401,4,5,95018832108
29108401,5,2,92591841905
29108610,1,6,110542381444
29108610,2,3,100484510032
29108610,3,7,98673824793
29108610,4,5,95018832108
29108610,5,2,92591841905
29109201,1,6,110542381444
29109201,2,3,100484510032
29109201,3,7,98673824793
29109201,4,5,95018832108
29109201,5,2,92591841905
29109520,1,6,110541604246
29109520,2,3,100482602856
29109520,3,5,95016877448
29109520,4,2,92590299442
29109520,5,1,59492690176
29110001,1,3,100362296280
29110001,2,2,92536818564
29110001,3,4,85174593850
29110001,4,1,59375172451
29110001,5,9,49719742146
29110501,1,6,110542381444
29110501,2,3,100484510032
29110501,3,7,98673824793
29110501,4,5,95018832108
29110501,5,2,92591841905
29111101,1,6,110542381444
29111101,2,3,100484510032
29111101,3,7,98673824793
29111101,4,5,95018832108
29111101,5,4,85292754458
29115201,1,6,110542381444
29115201,2,3,100484510032
29115201,3,7,98673824793
29115201,4,5,95018832108
29115201,5,2,92591841905
29117601,1,6,110541087563
29117601,2,3,100483862333
29117601,3,7,98673824793
29117601,4,5,95018832108
29117601,5,4,85292155085
29200901,1,6,110542381444
29200901,2,3,100484510032
29200901,3,7,98673824793
29200901,4,5,95018832108
29200901,5,2,92591841905
29201901,1,6,110408649711
29201901,2,7,98673824793
29201901,3,5,95018832108
29201901,4,2,92591841905
29201901,5,4,85292762690
29202001,1,6,110542381444
29202001,2,3,100484510032
29202001,3,7,98673824793
29202001,4,5,95018832108
29202001,5,2,92591841905
29202101,1,3,100484510032
29202101,2,7,98596729370
29202101,3,5,95018832108
29202101,4,2,92591841905
29202101,5,4,85292762690
29218901,1,7,98673590722
29218901,2,5,95018697310
29218901,3,1,59492360935
29218901,4,10,51487321872
29218901,5,9,49803430679
29223610,1,3,100482434548
29223610,2,7,98673095494
29223610,3,2,92590644041
29223610,4,1,59490552761
29223610,5,10,51487674237
29300401,1,7,98673824793
29300401,2,5,95018650470
29300401,3,2,92591583052
29300401,4,4,85292762690
29300401,5,1,59492334480
29300801,1,6,110542381444
29300801,2,3,100484510032
29300801,3,7,98673824793
29300801,4,5,95018832108
29300801,5,2,92583692250
29301101,1,3,100484510032
29301101,2,7,98673824793
29301101,3,5,95018832108
29301101,4,2,92591841905
29301101,5,4,85292762690
29301201,1,6,110542381444
29301201,2,3,100484510032
29301201,3,7,98673824793
29301201,4,5,95018832108
29301201,5,2,92591841905
29301520,1,6,110542381444
29301520,2,3,100484510032
29301520,3,7,98673824793
29301520,4,5,95018832108
29301520,5,2,92591841905
29302290,1,6,110542186916
29302290,2,3,100484356372
29302290,3,7,98673721551
29302290,4,2,92591841905
29302290,5,4,85292762690
29305410,1,6,110542381444
29305410,2,3,100484510032
29305410,3,7,98673824793
29305410,4,5,95018832108
29305410,5,2,92591841905
29318901,1,6,110542363708
29318901,2,3,100484510032
29318901,3,7,98673824793
29318901,4,2,92591810594
29318901,5,10,51487649277
29355301,1,6,110541678264
29355301,2,5,95018475884
29355301,3,2,92591841905
29355301,4,4,85292762690
29355301,5,10,51487408230
29400310,1,6,110542381444
29400310,2,3,100484510032
29400310,3,7,98673824793
29400310,4,5,95018832108
29400310,5,2,92591841905
29400410,1,6,110542381444
29400410,2,3,100484510032
29400410,3,7,98673824793
29400410,4,5,95018832108
29400410,5,2,92591841905
29400710,1,6,110542381444
29400710,2,3,100484510032
29400710,3,7,98673824793
29400710,4,5,95018832108
29400710,5,2,92591841905
29401201,1,3,100484510032
29401201,2,7,98673819450
29401201,3,5,95018832108
29401201,4,4,85292760645
29401201,5,1,59492690176
29401301,1,3,100467080089
29401301,2,7,98654823598
29401301,3,4,85287578758
29401301,4,1,59482709272
29401301,5,10,51474558716
29402001,1,6,110542381444
29402001,2,3,100484109381
29402001,3,5,95018404460
29402001,4,2,92591247084
29402001,5,10,51487674237
29402650,1,6,110542275302
29402650,2,3,100484342277
29402650,3,2,92591726452
29402650,4,1,59492578116
29402650,5,9,49803548253
29403010,1,3,99870918618
29403010,2,7,98122156488
29403010,3,2,91911821298
29403010,4,4,84887365659
29403010,5,9,49435366105
29406710,1,6,110542381444
29406710,2,3,100484510032
29406710,3,7,98673824793
29406710,4,5,95018832108
29406710,5,2,92591841905
29407401,1,6,110542381444
29407401,2,3,100484510032
29407401,3,7,98673824793
29407401,4,2,92591839657
29407401,5,4,85292762690
29410750,1,7,98428815601
29410750,2,2,92329990793
29410750,3,4,85292762690
29410750,4,1,59492690176
29410750,5,10,51304142484
29411401,1,6,110542381444
29411401,2,7,98673766289
29411401,3,5,95018658245
29411401,4,4,85292762690
29411401,5,1,59492505603
29500120,1,6,110542381444
29500120,2,3,100484510032
29500120,3,7,98673824793
29500120,4,5,95018832108
29500120,5,2,92591841905
29500410,1,7,98673824793
29500410,2,5,94817552819
29500410,3,2,92591841905
29500410,4,4,85046275641
29500410,5,10,51487674237
29500801,1,3,100484355505
29500801,2,7,98673654712
29500801,3,2,92591584434
29500801,4,4,85292546454
29500801,5,1,59492690176
29501001,1,3,100484453353
29501001,2,5,95018777163
29501001,3,2,92591841905
29501001,4,10,51487526552
29501001,5,9,49803580435
29501310,1,6,110541961411
29501310,2,5,95018473794
29501310,3,2,92591841905
29501310,4,1,59492238361
29501310,5,10,51487400001
29501901,1,6,110542381444
29501901,2,3,100484510032
29501901,3,7,98673824793
29501901,4,5,95018832108
29501901,5,4,85292762690
29502901,1,6,110539820059
29502901,2,5,95018008254
29502901,3,4,85292762690
29502901,4,1,59491101434
29502901,5,10,51486074542
29503001,1,3,100484468441
29503001,2,7,98673786172
29503001,3,2,92591801212
29503001,4,4,85292717552
29503001,5,1,59492680490
29503101,1,6,110542381444
29503101,2,3,100484510032
29503101,3,7,98673824793
29503101,4,5,95018832108
29503101,5,2,92591841905
29503401,1,3,100484510032
29503401,2,7,98673823736
29503401,3,5,95018832108
29503401,4,2,92591841905
29503401,5,1,59492687213
29503801,1,6,110542381444
29503801,2,3,100484510032
29503801,3,7,98673824793
29503801,4,2,92591841905
29503801,5,4,85292762690
29504801,1,6,110542381444
29504801,2,3,100484510032
29504801,3,7,98673824793
29504801,4,5,95018832108
29504801,5,2,92591841905
29512201,1,3,100484471068
29512201,2,7,98673824793
29512201,3,5,95018832108
29512201,4,2,92591841905
29512201,5,1,59492629209
29518901,1,6,110542381444
29518901,2,3,100484510032
29518901,3,7,98673824793
29518901,4,5,95018832108
29518901,5,2,92591841905
29559901,1,6,110542381444
29559901,2,3,100484510032
29559901,3,7,98673824793
29559901,4,5,95018832108
29559901,5,2,92591841905
29601101,1,6,110542333917
29601101,2,3,100484481887
29601101,3,5,95018832108
29601101,4,2,92591841905
29601101,5,1,59492676842
29601301,1,6,110542381444
29601301,2,3,100484510032
29601301,3,7,98673824793
29601301,4,5,95018832108
29601301,5,2,92591841905
29602801,1,6,110542381444
29602801,2,3,99747185921
29602801,3,7,97734932098
29602801,4,5,95018832108
29602801,5,1,58152429009
29603001,1,6,110542381444
29603001,2,3,100484510032
29603001,3,7,98673824793
29603001,4,5,95018832108
29603001,5,2,92591841905
29603201,1,6,110542381444
29603201,2,3,100484510032
29603201,3,7,98673824793
29603201,4,5,95018832108
29603201,5,4,85274857621
29603701,1,6,110542381444
29603701,2,7,98673824793
29603701,3,5,95018713335
29603701,4,2,92591740622
29603701,5,4,85292762690
29604110,1,6,110530379325
29604110,2,3,100484510032
29604110,3,2,92591841905
29604110,4,4,85255047279
29604110,5,1,59492690176
29604201,1,6,110542381444
29604201,2,3,100484510032
29604201,3,7,98673824793
29604201,4,5,95018832108
29604201,5,2,92591841905
29604301,1,6,110542381444
29604301,2,7,98673824793
29604301,3,5,95018831727
29604301,4,2,92591841412
29604301,5,4,85292762334
29604501,1,6,110542381444
29604501,2,5,95018832108
29604501,3,2,92527556716
29604501,4,4,85292762690
29604501,5,1,59492690176
29605301,1,7,98673562538
29605301,2,5,95018832108
29605301,3,2,92591841905
29605301,4,4,85292762690
29605301,5,1,59492580303
29605601,1,6,110542381444
29605601,2,3,100484510032
29605601,3,7,98673824793
29605601,4,5,95018832108
29605601,5,2,92591841905
29606201,1,6,110542381444
29606201,2,3,100484510032
29606201,3,7,98673824793
29606201,4,5,95018832108
29606201,5,2,92591841905
29606701,1,6,110542381444
29606701,2,3,100484510032
29606701,3,7,98673824793
29606701,4,5,95018832108
29606701,5,4,85292762690
29607201,1,6,110542381444
29607201,2,7,98673824793
29607201,3,4,85292762690
29607201,4,1,59492440276
29607201,5,10,51487382744
29607301,1,5,95018831898
29607301,2,2,92591841905
29607301,3,4,85292762487
29607301,4,1,59492689997
29607301,5,10,51487674237
29607701,1,7,98581028610
29607701,2,2,92442068002
29607701,3,4,85159549947
29607701,4,10,51370169452
29607701,5,9,49659494534
29607801,1,6,110542381444
29607801,2,3,100484510032
29607801,3,7,98673824793
29607801,4,5,95018832108
29607801,5,2,92575727575
29608101,1,6,110542381444
29608101,2,3,100484510032
29608101,3,7,98673824793
29608101,4,5,95018832108
29608101,5,2,92591841248
29609110,1,3,100483255237
29609110,2,7,98673824793
29609110,3,4,85291458708
29609110,4,1,59491641756
29609110,5,9,49802511400
29609820,1,6,110542381444
29609820,2,3,100484510032
29609820,3,7,98673824793
29609820,4,5,95018832108
29609820,5,4,85289899952
29612101,1,6,110542381444
29612101,2,7,98673824793
29612101,3,2,92591132955
29612101,4,4,85291745263
29612101,5,1,59492109784
29616100,1,6,110542310698
29616100,2,7,98673824793
29616100,3,5,95018832108
29616100,4,2,92591774004
29616100,5,10,51487674237
29616601,1,6,110542381444
29616601,2,3,100484510032
29616601,3,7,98673824793
29616601,4,5,95018832108
29616601,5,2,92591841905
29617101,1,5,95018795550
29617101,2,2,92591819523
29617101,3,1,59492667916
29617101,4,10,51487657928
29617101,5,9,49803677169
29618201,1,6,110542053355
29618201,2,3,100484131332
29618201,3,7,98673680848
29618201,4,5,95018472536
29618201,5,4,85292762690
29618501,1,3,100482949817
29618501,2,7,98672309266
29618501,3,2,92591186883
29618501,4,4,85291792598
29618501,5,1,59491371709
29624501,1,3,100458950758
29624501,2,7,98642667441
29624501,3,5,95018832108
29624501,4,4,85246044245
29624501,5,10,51487674237
29626501,1,3,100473546975
29626501,2,7,98659888669
29626501,3,2,92587431324
29626501,4,4,85283812284
29626501,5,1,59484023087
29627001,1,6,110542381444
29627001,2,3,99996505717
29627001,3,2,92591841905
29627001,4,1,58870608341
29627001,5,10,51237845958
29638901,1,5,95018832108
29638901,2,2,92455212965
29638901,3,4,84909736595
29638901,4,1,59214516572
29638901,5,9,49489259825
29645301,1,6,110542381444
29645301,2,3,100484510032
29645301,3,7,98673824793
29645301,4,5,95018832108
29645301,5,2,92591841905
29701260,1,6,110542381444
29701260,2,5,95017802862
29701260,3,2,92589986700
29701260,4,4,85292762690
29701260,5,1,59492690176
29701401,1,7,98613740602
29701401,2,5,94957103045
29701401,3,4,85292762690
29701401,4,1,59492690176
29701401,5,10,51487674237
29702050,1,3,100439707605
29702050,2,7,98620577830
29702050,3,4,85234496337
29702050,4,1,59449718235
29702050,5,10,51487674237
29702601,1,3,100484510032
29702601,2,7,97448781419
29702601,3,5,95018832108
29702601,4,2,91023240651
29702601,5,4,84397939000
29705501,1,6,110542381444
29705501,2,7,98673824793
29705501,3,5,95018832108
29705501,4,2,92591450308
29705501,5,4,85292353923
29710501,1,6,110542381444
29710501,2,3,100484510032
29710501,3,7,98673824793
29710501,4,5,95018832108
29710501,5,2,92591841905
29711101,1,6,110541819526
29711101,2,5,95018436611
29711101,3,2,92591841905
29711101,4,4,85292015067
29711101,5,10,51487674237
29715701,1,3,100484510032
29715701,2,7,98673824793
29715701,3,5,94865979578
29715701,4,2,92392520664
29715701,5,4,85292762690
29718001,1,6,110542286264
29718001,2,3,100484329579
29718001,3,2,92591841905
29718001,4,4,85292762690
29718001,5,10,51487489866
29801050,1,6,110542116967
29801050,2,3,100484510032
29801050,3,2,92591603657
29801050,4,1,59492317363
29801050,5,10,51487674237
29801220,1,6,110542381444
29801220,2,3,100484510032
29801220,3,7,98673824793
29801220,4,5,95018832108
29801220,5,2,92591841905
29802501,1,6,110541324077
29802501,2,7,98672284248
29802501,3,5,95018145377
29802501,4,2,92591841905
29802501,5,4,85292762690
29803101,1,6,110308177971
29803101,2,3,100057077822
29803101,3,7,98374310451
29803101,4,5,95018832108
29803101,5,1,59492690176
29803201,1,3,100484307095
29803201,2,7,98672935802
29803201,3,5,95018673520
29803201,4,2,92591690922
29803201,5,9,49802938899
29803301,1,6,110542381444
29803301,2,3,100484510032
29803301,3,7,98673824793
29803301,4,5,95018832108
29803301,5,2,92591841905
29803901,1,3,100484507817
29803901,2,5,95018829891
29803901,3,2,92591841905
29803901,4,4,85292762690
29803901,5,1,59492690176
29804001,1,6,110542381444
29804001,2,3,100484510032
29804001,3,7,98673824793
29804001,4,5,95018832108
29804001,5,2,92591841905
29804560,1,3,100444682665
29804560,2,7,98647756725
29804560,3,5,94949006626
29804560,4,4,85292762690
29804560,5,1,59431067566
29804601,1,6,110542381444
29804601,2,3,100484510032
29804601,3,7,98673824793
29804601,4,5,95018832108
29804601,5,2,92591841905
29804801,1,6,110542209529
29804801,2,3,100484297645
29804801,3,7,98673601123
29804801,4,2,92591729867
29804801,5,9,49803474787
29805001,1,6,110542381444
29805001,2,7,98673824793
29805001,3,5,95018831630
29805001,4,2,92591841421
29805001,5,1,59492689525
29805401,1,6,110542011460
29805401,2,7,98673431754
29805401,3,5,95018663059
29805401,4,2,92591538515
29805401,5,10,51487674237
29805501,1,6,110542379733
29805501,2,3,100484508819
29805501,3,7,98673824793
29805501,4,4,85292762690
29805501,5,1,59492688943
29806230,1,3,100483718183
29806230,2,2,92591148870
29806230,3,1,59491675705
29806230,4,10,51487062495
29806230,5,9,49802835487
29806401,1,6,110542377274
29806401,2,7,98673815413
29806401,3,4,85292762690
29806401,4,1,59492684657
29806401,5,10,51487661258
29806701,1,6,110542381444
29806701,2,3,100484510032
29806701,3,7,98673824793
29806701,4,5,95018832108
29806701,5,2,92591841905
29806801,1,7,98673745011
29806801,2,4,85292718236
29806801,3,1,59492690176
29806801,4,10,51487589883
29806801,5,9,49803621558
29807501,1,6,110542176753
29807501,2,3,100484316179
29807501,3,7,98673824793
29807501,4,5,95018630727
29807501,5,2,92591841905
29807601,1,6,110542381444
29807601,2,3,100484510032
29807601,3,7,98673824793
29807601,4,5,95018832108
29807601,5,2,92591841905
29808450,1,6,110542381444
29808450,2,3,100484338892
29808450,3,7,98673734092
29808450,4,5,95018832108
29808450,5,2,92591841905
29811010,1,3,100484493816
29811010,2,7,98673824793
29811010,3,2,92591841905
29811010,4,4,85292735014
29811010,5,1,59492690176
29811601,1,6,110542381444
29811601,2,3,100484510032
29811601,3,7,98673824793
29811601,4,5,95018832108
29811601,5,2,92591841905
29815201,1,6,110542381444
29815201,2,3,100484510032
29815201,3,4,84875704837
29815201,4,1,59085091733
29815201,5,10,51487674237
29815601,1,6,110542381444
29815601,2,3,100484315889
29815601,3,7,98673360786
29815601,4,4,85292762690
29815601,5,1,59492529785
29818001,1,5,95018776881
29818001,2,4,85292508794
29818001,3,1,59492690176
29818001,4,10,51487525029
29818001,5,9,49803481773
29819501,1,3,100089173701
29819501,2,7,98224555635
29819501,3,5,94894755662
29819501,4,2,92033557799
29819501,5,10,50979261878
29828201,1,6,110542381444
29828201,2,7,98673824793
29828201,3,5,95017463209
29828201,4,2,92590644233
29828201,5,1,59491003731
29854301,1,6,110541973639
29854301,2,7,98673464123
29854301,3,5,95018307568
29854301,4,4,85292762690
29854301,5,10,51487307575
29856200,1,3,100484449972
29856200,2,7,98673824793
29856200,3,5,95018767919
29856200,4,2,92591841905
29856200,5,4,85292762690
29856401,1,3,100484510032
29856401,2,7,98673505551
29856401,3,4,85292390152
29856401,4,1,59492484570
29856401,5,10,51487674237
29858001,1,6,110542381444
29858001,2,3,100484480363
29858001,3,7,98673824793
29858001,4,5,95018762570
29858001,5,2,92591817163
29900501,1,6,110542381444
29900501,2,7,98673823189
29900501,3,2,92591841905
29900501,4,4,85292762690
29900501,5,10,51487672426
29901901,1,6,110542282098
29901901,2,5,95018832108
29901901,3,2,92591559263
29901901,4,4,85292762690
29901901,5,1,59492331101
29902601,1,7,98673794777
29902601,2,2,92591782635
29902601,3,4,85292697991
29902601,4,1,59492645042
29902601,5,9,49803684549
29904301,1,3,100101561660
29904301,2,7,98460878146
29904301,3,2,92471823155
29904301,4,4,84843023154
29904301,5,9,49364234073
29904601,1,6,110542381444
29904601,2,3,100484510032
29904601,3,7,98673824793
29904601,4,5,95018832108
29904601,5,2,92591841905
29904901,1,5,95018653909
29904901,2,2,92591592156
29904901,3,4,85292466084
29904901,4,10,51487429297
29904901,5,9,49803711446
29905201,1,6,110542303492
29905201,2,7,98673824793
29905201,3,2,92591841905
29905201,4,4,85292699848
29905201,5,1,59492690176
29905801,1,3,100484510032
29905801,2,7,98673575558
29905801,3,5,95018832108
29905801,4,4,85292762690
29905801,5,1,59492474480
29906601,1,6,110542381444
29906601,2,3,100484462160
29906601,3,5,95018803909
29906601,4,2,92591778438
29906601,5,1,59492609524
29907201,1,6,110542378338
29907201,2,3,100484510032
29907201,3,7,98673824793
29907201,4,5,95018832108
29907201,5,2,92591840178
29907301,1,6,110542320099
29907301,2,3,100484469639
29907301,3,7,98673713721
29907301,4,2,92591755075
29907301,5,1,59492571133
29907601,1,3,100482716410
29907601,2,7,98671691686
29907601,3,4,85290929297
29907601,4,10,51484951858
29907601,5,9,49802715200
29908101,1,6,110542381444
29908101,2,3,100484510032
29908101,3,7,98673824793
29908101,4,5,95018832108
29908101,5,2,92591841905
29908201,1,3,100484510032
29908201,2,7,98654642551
29908201,3,4,85264336320
29908201,4,1,59439207028
29908201,5,10,51444182762
29908401,1,6,110542381444
29908401,2,3,100484510032
29908401,3,7,98673824793
29908401,4,5,95018832108
29908401,5,2,92591841905
29908501,1,6,110542356794
29908501,2,3,100484479292
29908501,3,7,98673803421
29908501,4,2,92591841905
29908501,5,10,51487674237
29908901,1,6,110542381444
29908901,2,3,100484510032
29908901,3,7,98673824793
29908901,4,5,95018832108
29908901,5,2,92578699013
29909001,1,6,110542381444
29909001,2,3,100484510032
29909001,3,7,98673824793
29909001,4,5,95018832108
29909001,5,4,85282834091
29909101,1,6,110542381444
29909101,2,3,100484510032
29909101,3,7,98673824793
29909101,4,5,95018832108
29909101,5,2,92591841705
29909201,1,6,110542367533
29909201,2,7,98673824793
29909201,3,5,95018826271
29909201,4,2,92591829299
29909201,5,4,85292754459
29909301,1,6,110542381444
29909301,2,3,100484510032
29909301,3,7,98673824793
29909301,4,5,95018832108
29909301,5,2,92591841905
29909401,1,6,110542381444
29909401,2,3,100484510032
29909401,3,7,98673824793
29909401,4,5,95018832108
29909401,5,2,92591841905
29909601,1,6,110542381444
29909601,2,3,100484510032
29909601,3,7,98673824793
29909601,4,5,95018832108
29909601,5,4,85292500209
29909701,1,3,100484119074
29909701,2,7,98673432381
29909701,3,5,95018682364
29909701,4,1,59492427846
29909701,5,10,51487516980
29909801,1,6,110542381444
29909801,2,3,100484510032
29909801,3,7,98673824793
29909801,4,5,95018832108
29909801,5,2,92591841905
29909901,1,6,110542381444
29909901,2,3,100484510032
29909901,3,7,98673824793
29909901,4,5,95018832108
29909901,5,2,92591841905
29910601,1,6,110542356346
29910601,2,4,85292729987
29910601,3,1,59492649389
29910601,4,10,51487674237
29910601,5,9,49803679598
29911101,1,7,98673824793
29911101,2,2,92591841905
29911101,3,4,85292470318
29911101,4,1,59492263466
29911101,5,10,51487374874
29911610,1,6,110099080842
29911610,2,3,100078877263
29911610,3,7,98673824793
29911610,4,5,94549955657
29911610,5,1,58949610899
29915750,1,6,110542381444
29915750,2,3,100484510032
29915750,3,7,98673824793
29915750,4,5,95018832108
29915750,5,2,92591841905
29919901,1,6,110542381444
29919901,2,7,98673807609
29919901,3,5,95018813465
29919901,4,2,92591841905
29919901,5,1,59492671212
29925401,1,3,100482589836
29925401,2,7,98673824793
29925401,3,5,95017093223
29925401,4,1,59488379659
29925401,5,10,51487674237
29956401,1,6,110542381444
29956401,2,3,100484510032
29956401,3,7,98673824793
29956401,4,5,95018832108
29956401,5,2,92591841905
29977901,1,6,110523380453
29977901,2,3,100484510032
29977901,3,7,98673824793
29977901,4,5,95018832108
29977901,5,1,59477539262
40100601,1,6,110542357341
40100601,2,3,100484457392
40100601,3,5,95018832108
40100601,4,2,92591841905
40100601,5,4,85292762690
40101601,1,6,110542381444
40101601,2,3,100484510032
40101601,3,7,98673824793
40101601,4,5,95018832108
40101601,5,2,92591841905
40102001,1,6,110465432813
40102001,2,7,98626790632
40102001,3,5,95018832108
40102001,4,4,85189591444
40102001,5,1,59427209807
40102401,1,6,110539677334
40102401,2,3,100480069858
40102401,3,4,85292762690
40102401,4,1,59492690176
40102401,5,10,51482507794
40102601,1,6,110542381444
40102601,2,5,94945197003
40102601,3,4,85292762690
40102601,4,1,59378199007
40102601,5,10,51431728578
40105501,1,6,110542381444
40105501,2,7,98673446066
40105501,3,5,95018832108
40105501,4,4,85292565742
40105501,5,1,59492463842
40105901,1,3,100484504369
40105901,2,5,95018830154
40105901,3,2,92591841905
40105901,4,4,85292757688
40105901,5,10,51487674237
40106201,1,6,110542381444
40106201,2,3,100484510032
40106201,3,7,98673824793
40106201,4,5,95018832108
40106201,5,2,92591841905
40106401,1,6,110542366280
40106401,2,7,98673824793
40106401,3,5,95018832108
40106401,4,2,92591823995
40106401,5,1,59492666838
40106701,1,3,100484510032
40106701,2,5,92873784531
40106701,3,2,88981750478
40106701,4,1,58641425655
40106701,5,9,49803711446
40107901,1,6,110542381444
40107901,2,3,100484510032
40107901,3,7,98673824793
40107901,4,5,95018832108
40107901,5,2,92591841641
40109101,1,6,110542381444
40109101,2,3,100484492022
40109101,3,7,98673818341
40109101,4,4,85292736637
40109101,5,9,49803701907
40109201,1,6,110542300851
40109201,2,7,98673749773
40109201,3,5,95018832108
40109201,4,2,92591841905
40109201,5,1,59492624823
40110201,1,6,110542381444
40110201,2,7,98449540919
40110201,3,2,92418154627
40110201,4,4,85292762690
40110201,5,1,59252657694
40110401,1,6,110542381444
40110401,2,3,100484510032
40110401,3,7,98673824793
40110401,4,5,95018832108
40110401,5,2,92591841905
40110601,1,6,110542109231
40110601,2,7,98673654923
40110601,3,5,95018781775
40110601,4,4,85292684808
40110601,5,10,51487674237
40111701,1,6,107933459385
40111701,2,3,97302016593
40111701,3,7,96606871264
40111701,4,1,57644909437
40111701,5,10,51487674237
40112001,1,7,98593716199
40112001,2,5,95001085060
40112001,3,2,92568208801
40112001,4,1,59468213143
40112001,5,10,51487674237
40112101,1,5,95018233939
40112101,2,4,85292762690
40112101,3,1,59492329792
40112101,4,10,51487507342
40112101,5,9,49803226449
40112201,1,6,110542381444
40112201,2,3,100484510032
40112201,3,7,98673824793
40112201,4,5,95018832108
40112201,5,2,92591841905
40112301,1,3,100484319037
40112301,2,7,98673554751
40112301,3,5,95018637216
40112301,4,1,59492509557
40112301,5,10,51487571884
40112501,1,3,100470062329
40112501,2,7,98656244080
40112501,3,5,95003787832
40112501,4,2,92581361115
40112501,5,9,49792523446
40113401,1,3,100484407075
40113401,2,7,98673721703
40113401,3,2,92591742451
40113401,4,10,51487592997
40113401,5,9,49803627919
40113601,1,6,110542381444
40113601,2,3,100484510032
40113601,3,7,98673824793
40113601,4,5,95018832108
40113601,5,2,92591841905
40113701,1,6,110542381444
40113701,2,7,98673824793
40113701,3,5,95018832108
40113701,4,2,92588105319
40113701,5,1,59492690176
40113801,1,6,110542381444
40113801,2,3,100484510032
40113801,3,7,98673824793
40113801,4,5,95018832108
40113801,5,2,92591841905
40114201,1,6,110493787710
40114201,2,7,98673824793
40114201,3,2,92557946154
40114201,4,4,85292762690
40114201,5,1,59492690176
40114301,1,6,110542381444
40114301,2,3,100484510032
40114301,3,7,98673824793
40114301,4,5,95018832108
40114301,5,2,92591841905
40114801,1,6,110489105206
40114801,2,3,100464012959
40114801,3,2,92591841905
40114801,4,4,85267146062
40114801,5,10,51487674237
40116001,1,6,110542381444
40116001,2,3,100484510032
40116001,3,7,98673824793
40116001,4,5,95018832108
40116001,5,4,85292755360
40116101,1,7,98673824793
40116101,2,5,95018649443
40116101,3,2,92591788832
40116101,4,4,85292571394
40116101,5,10,51487674237
40116201,1,3,100484462442
40116201,2,7,98673798974
40116201,3,5,95018746304
40116201,4,2,92591841905
40116201,5,4,85292691873
40117101,1,6,110542381444
40117101,2,3,100484510032
40117101,3,7,98673824793
40117101,4,5,95018832108
40117101,5,4,85292611748
40117201,1,6,110542381444
40117201,2,3,100484510032
40117201,3,7,98673824793
40117201,4,5,95018832108
40117201,5,2,92591841905
40117501,1,3,100484471517
40117501,2,2,92591803400
40117501,3,1,59492690176
40117501,4,10,51487646305
40117501,5,9,49803671809
40117901,1,6,110542381444
40117901,2,3,100484510032
40117901,3,7,98673824793
40117901,4,5,95018832108
40117901,5,2,92591841905
40118001,1,6,110542381444
40118001,2,3,100484510032
40118001,3,7,98673824793
40118001,4,5,95018832108
40118001,5,2,92591841905
40118201,1,6,110542381444
40118201,2,3,100484510032
40118201,3,7,98673824793
40118201,4,5,95018832108
40118201,5,2,92591841905
40118850,1,6,110542381444
40118850,2,3,100484510032
40118850,3,7,98673824793
40118850,4,5,95018832108
40118850,5,2,92591841905
40118960,1,6,110347192135
40118960,2,3,100215664652
40118960,3,2,92405981957
40118960,4,4,85045033525
40118960,5,1,59492690176
40121760,1,6,110542381444
40121760,2,3,100484510032
40121760,3,7,98673824793
40121760,4,5,95018832108
40121760,5,2,92591841905
40123250,1,6,110542381444
40123250,2,3,100484510032
40123250,3,7,98673824793
40123250,4,5,95018832108
40123250,5,2,92591841905
40124301,1,6,110542315671
40124301,2,3,100484408519
40124301,3,5,95018832108
40124301,4,2,92591841905
40124301,5,4,85292690366
40125801,1,3,100482985869
40125801,2,7,98673005678
40125801,3,5,95017581456
40125801,4,4,85292762690
40125801,5,1,59491820191
40127601,1,6,110542381444
40127601,2,3,100484510032
40127601,3,7,98673824793
40127601,4,5,95018832108
40127601,5,2,92591841905
40129801,1,6,110542381444
40129801,2,3,100484510032
40129801,3,7,98673824793
40129801,4,5,95018832108
40129801,5,2,92591841905
40132960,1,6,110542381444
40132960,2,3,100484510032
40132960,3,7,98673824793
40132960,4,5,95018832108
40132960,5,2,92591841905
40136401,1,6,110542381444
40136401,2,3,100484510032
40136401,3,7,98673824793
40136401,4,5,95018832108
40136401,5,2,92591841905
40137430,1,6,110542062853
40137430,2,7,98673824793
40137430,3,5,95018832108
40137430,4,2,92591577413
40137430,5,4,85292528432
40145301,1,6,110541775583
40145301,2,3,100484510032
40145301,3,7,98672932330
40145301,4,5,95018832108
40145301,5,2,92590376662
40146700,1,3,100483420619
40146700,2,5,95018121972
40146700,3,4,85292329023
40146700,4,10,51487380083
40146700,5,9,49803010211
40154301,1,7,98673759216
40154301,2,5,95018832108
40154301,3,4,85292521117
40154301,4,1,59492495676
40154301,5,10,51487674237
40155301,1,6,110542381444
40155301,2,3,100484510032
40155301,3,7,98673824793
40155301,4,5,95018832108
40155301,5,2,92591841905
40158901,1,6,110351775039
40158901,2,3,100124195663
40158901,3,7,98475716795
40158901,4,2,92382403873
40158901,5,4,85292762690
40170601,1,6,110542381444
40170601,2,3,100484510032
40170601,3,5,95018832108
40170601,4,4,85292650662
40170601,5,1,59492627985
40188201,1,6,110542381444
40188201,2,3,100484510032
40188201,3,7,98673824793
40188201,4,5,95018832108
40188201,5,2,92591841905
40188301,1,6,110542377886
40188301,2,3,100484510032
40188301,3,7,98673824793
40188301,4,5,95018832108
40188301,5,2,92591841905
40188401,1,6,110512267008
40188401,2,7,98609096726
40188401,3,5,94980060549
40188401,4,2,92591841905
40188401,5,4,85292762690
40188501,1,6,110535906419
40188501,2,3,100480387920
40188501,3,7,98668168631
40188501,4,1,59485433600
40188501,5,9,49796150109
40188601,1,3,100484256023
40188601,2,7,98673824793
40188601,3,2,92591568915
40188601,4,1,59492547856
40188601,5,10,51487602913
40188701,1,6,110542381444
40188701,2,3,100484510032
40188701,3,7,98673824793
40188701,4,5,95018832108
40188701,5,2,92591841905
40188801,1,6,110542381444
40188801,2,7,98673621446
40188801,3,5,95018470882
40188801,4,2,92591595813
40188801,5,4,85292320551
40188901,1,6,110541961987
40188901,2,7,98673103102
40188901,3,5,95018832108
40188901,4,4,85292762690
40188901,5,1,59492690176
40189001,1,6,110542013742
40189001,2,4,85292206312
40189001,3,1,59491719951
40189001,4,10,51487176244
40189001,5,9,49802680675
40189101,1,6,110542381444
40189101,2,3,100484510032
40189101,3,7,98673824793
40189101,4,5,95018832108
40189101,5,2,92591841905
40189201,1,3,100483398960
40189201,2,7,98673081496
40189201,3,5,95018832108
40189201,4,2,92590678770
40189201,5,4,85292762690
40189301,1,6,110542381444
40189301,2,3,100484510032
40189301,3,7,98673824793
40189301,4,5,95018832108
40189301,5,2,92591841905
40203801,1,6,110542381444
40203801,2,3,100484389122
40203801,3,7,98673748919
40203801,4,2,92591793478
40203801,5,1,59492576365
40300590,1,6,110541800568
40300590,2,7,98673378026
40300590,3,5,95018832108
40300590,4,2,92591841905
40300590,5,4,85292762690
40401300,1,3,100484149404
40401300,2,7,98673824793
40401300,3,2,92591841905
40401300,4,4,85292422115
40401300,5,10,51487484844
40811001,1,6,110530299502
40811001,2,7,98645371000
40811001,3,1,59492690176
40811001,4,10,51473295863
40811001,5,9,49773642112
40814600,1,6,110542381444
40814600,2,3,100484510032
40814600,3,7,98673824793
40814600,4,5,95018832108
40814600,5,2,92591841905
40900030,1,6,110542381444
40900030,2,3,100484510032
40900030,3,7,98673824793
40900030,4,5,95018789846
40900030,5,2,92591782919
41100760,1,3,100482754352
41100760,2,7,98672993636
41100760,3,5,95018832108
41100760,4,2,92591841905
41100760,5,4,85292762690
41101401,1,6,110542379510
41101401,2,3,100484508558
41101401,3,2,92591841905
41101401,4,4,85292762690
41101401,5,1,59492690176
41101630,1,3,100483643123
41101630,2,7,98672952182
41101630,3,5,95018313113
41101630,4,2,92591841905
41101630,5,4,85292762690
41102001,1,6,110542381444
41102001,2,3,100484510032
41102001,3,7,98673824793
41102001,4,5,95018832108
41102001,5,2,92591841905
41102301,1,3,100484475504
41102301,2,7,98673762729
41102301,3,5,95018805034
41102301,4,2,92591831103
41102301,5,4,85292762690
41102910,1,5,95018216505
41102910,2,2,92591841905
41102910,3,1,59491363722
41102910,4,10,51486290340
41102910,5,9,49803367099
41103530,1,6,110542082198
41103530,2,3,100484067950
41103530,3,5,95018832108
41103530,4,2,92591841905
41103530,5,4,85292142642
41103701,1,6,110542381444
41103701,2,3,100481299862
41103701,3,7,98669682757
41103701,4,1,59490388745
41103701,5,10,51487674237
41118901,1,6,110541799703
41118901,2,5,95018073231
41118901,3,2,92591841905
41118901,4,1,59492219526
41118901,5,10,51487674237
41200230,1,6,110541564471
41200230,2,3,100483419227
41200230,3,4,85291780860
41200230,4,1,59492690176
41200230,5,9,49802695911
41200501,1,6,110542123747
41200501,2,7,98673824793
41200501,3,2,92591699402
41200501,4,4,85292762690
41200501,5,1,59492427515
41200701,1,6,110542381444
41200701,2,3,100484443490
41200701,3,7,98673783922
41200701,4,4,85292762690
41200701,5,1,59492690176
41200850,1,6,110542381444
41200850,2,3,100484510032
41200850,3,7,98673824793
41200850,4,5,95018832108
41200850,5,2,92591841905
41201101,1,6,110542050115
41201101,2,7,98673499612
41201101,3,5,95018832108
41201101,4,2,92591841905
41201101,5,1,59492368575
41226501,1,6,110542368786
41226501,2,3,100484502013
41226501,3,7,98673817295
41226501,4,2,92591841905
41226501,5,10,51487674237
41300430,1,3,100484510032
41300430,2,7,98673351290
41300430,3,5,95018447837
41300430,4,4,85292762690
41300430,5,1,59492690176
41414600,1,6,110541678142
41414600,2,7,98673824793
41414600,3,5,95018395922
41414600,4,4,85292422880
41414600,5,1,59492021718
41500601,1,6,110542369751
41500601,2,3,100484510032
41500601,3,7,98673800961
41500601,4,2,92591841905
41500601,5,1,59492666433
41500701,1,3,100484339406
41500701,2,5,95018414129
41500701,3,2,92591841905
41500701,4,1,59492160310
41500701,5,9,49803499467
41500801,1,6,110541815760
41500801,2,3,100484510032
41500801,3,7,98673609585
41500801,4,2,92591841905
41500801,5,1,59492040817
41501300,1,7,98651556371
41501300,2,5,95000053117
41501300,3,4,85276919963
41501300,4,1,59470350321
41501300,5,10,51487674237
41502601,1,6,110369434610
41502601,2,3,100302228938
41502601,3,5,95018832108
41502601,4,2,92591841905
41502601,5,4,85119251184
41503960,1,7,98207309629
41503960,2,5,94687755696
41503960,3,2,92384769206
41503960,4,4,85038410126
41503960,5,10,51487674237
41504690,1,6,110542381444
41504690,2,3,100484510032
41504690,3,7,98673824793
41504690,4,5,95018832108
41504690,5,2,92591841905
41505701,1,7,98673287681
41505701,2,5,95017950002
41505701,3,4,85291964704
41505701,4,1,59491517737
41505701,5,9,49803711446
41505801,1,6,110541922923
41505801,2,7,98673824793
41505801,3,5,95018241320
41505801,4,4,85291846390
41505801,5,1,59492690176
41506601,1,6,110542381444
41506601,2,3,100484510032
41506601,3,7,98673824793
41506601,4,5,95018832108
41506601,5,2,92591841905
41507001,1,6,110491242601
41507001,2,7,98580665052
41507001,3,2,92515331391
41507001,4,4,85208246920
41507001,5,1,59411657163
41515701,1,6,110542381444
41515701,2,3,100484510032
41515701,3,7,98673824793
41515701,4,5,95018832108
41515701,5,2,92591841905
41700490,1,6,110539699413
41700490,2,7,98671949034
41700490,3,5,95017109189
41700490,4,10,51485436260
41700490,5,9,49802479031
41900601,1,6,110542381444
41900601,2,3,100484510032
41900601,3,7,98673824793
41900601,4,5,95018832108
41900601,5,2,92591841042
41900910,1,6,110542203442
41900910,2,3,100484510032
41900910,3,5,95018633844
41900910,4,2,92591841905
41900910,5,4,85292762690
41901201,1,6,110542381444
41901201,2,3,100484510032
41901201,3,7,98673824793
41901201,4,5,95018832108
41901201,5,2,92591841905
41901301,1,6,110542381444
41901301,2,3,100484510032
41901301,3,7,98673824793
41901301,4,5,95018832108
41901301,5,2,92591841905
41906001,1,6,110482513553
41906001,2,7,98632873132
41906001,3,2,92552289990
41906001,4,4,85234822695
41906001,5,10,51487674237
41918001,1,6,110542381444
41918001,2,3,100484510032
41918001,3,5,95017553961
41918001,4,2,92591019322
41918001,5,1,59492690176
41918901,1,6,110542381444
41918901,2,3,100484510032
41918901,3,7,98673824793
41918901,4,5,95018832108
41918901,5,2,92591841905
41955301,1,3,100483697642
41955301,2,2,92591191571
41955301,3,4,85292355352
41955301,4,10,51487047832
41955301,5,9,49803711446
42100320,1,6,110542381444
42100320,2,3,100484510032
42100320,3,7,98673824793
42100320,4,5,95018832108
42100320,5,2,92591841905
42101410,1,6,110541717630
42101410,2,3,100484510032
42101410,3,7,98673374407
42101410,4,1,59492227914
42101410,5,10,51487674237
42102201,1,6,110542381444
42102201,2,3,100484510032
42102201,3,7,98673824793
42102201,4,5,95018832108
42102201,5,2,92591841905
42102510,1,3,100484110759
42102510,2,7,98672701052
42102510,3,5,95018383579
42102510,4,4,85291621808
42102510,5,10,51487460285
42102601,1,3,100484469917
42102601,2,7,98673747089
42102601,3,2,92591759232
42102601,4,1,59492604772
42102601,5,9,49803638861
42102701,1,6,110542377537
42102701,2,3,100484501636
42102701,3,7,98673824793
42102701,4,4,85292762690
42102701,5,1,59492686745
42102901,1,6,110542381444
42102901,2,7,98673813072
42102901,3,5,95018832108
42102901,4,2,92591841905
42102901,5,4,85292762690
42103101,1,6,110542381444
42103101,2,3,100484510032
42103101,3,7,98673824793
42103101,4,5,95018832108
42103101,5,2,92591841905
42103301,1,7,98586706669
42103301,2,5,95018832108
42103301,3,2,92544901541
42103301,4,4,85292762690
42103301,5,1,59360589028
42104301,1,6,110542381444
42104301,2,3,100482746025
42104301,3,7,98673824793
42104301,4,2,92591841905
42104301,5,4,85292762690
42104401,1,6,110542380217
42104401,2,3,100484510032
42104401,3,7,98673824793
42104401,4,5,95018830434
42104401,5,2,92591841905
42104501,1,3,100484510032
42104501,2,7,98673824793
42104501,3,2,92591841292
42104501,4,4,85292762239
42104501,5,10,51487674237
42105301,1,6,110542381444
42105301,2,3,100484510032
42105301,3,7,98673824793
42105301,4,5,95018832108
42105301,5,2,92591841905
42106101,1,6,110506243427
42106101,2,3,100418759448
42106101,3,7,98645054927
42106101,4,2,92574042063
42106101,5,9,49775801450
42106540,1,6,110542237691
42106540,2,3,100484510032
42106540,3,7,98673180871
42106540,4,2,92591841905
42106540,5,4,85292762690
42106901,1,6,110541838138
42106901,2,3,100483548920
42106901,3,2,92591443424
42106901,4,4,85292762690
42106901,5,1,59492690176
42108150,1,6,110542229724
42108150,2,3,100484510032
42108150,3,7,98673824793
42108150,4,5,95018620908
42108150,5,2,92591841905
42108350,1,6,110542227082
42108350,2,5,95018776578
42108350,3,1,59492690176
42108350,4,10,51487472730
42108350,5,9,49803495113
42115201,1,6,110542240959
42115201,2,7,98673673486
42115201,3,2,92591737490
42115201,4,1,59492690176
42115201,5,10,51487576225
42115600,1,3,100445690275
42115600,2,7,98640768324
42115600,3,5,95018832108
42115600,4,2,92591841905
42115600,5,4,85292762690
42117001,1,5,95018675564
42117001,2,4,85292762690
42117001,3,1,59492561941
42117001,4,10,51487515167
42117001,5,9,49803574022
42118901,1,6,110533532469
42118901,2,3,100484510032
42118901,3,5,95012292219
42118901,4,2,92586617284
42118901,5,10,51487674237
42125401,1,7,98538293675
42125401,2,2,92558480408
42125401,3,4,85232117676
42125401,4,1,59308994830
42125401,5,9,49628652620
42126701,1,6,110542381444
42126701,2,3,100484510032
42126701,3,7,98673773477
42126701,4,5,95018773692
42126701,5,2,92591798477
42127601,1,6,110541531505
42127601,2,3,100484510032
42127601,3,7,98673824793
42127601,4,5,95018832108
42127601,5,4,85292205448
42127801,1,6,110542218531
42127801,2,5,95018832108
42127801,3,2,92591747395
42127801,4,4,85292762690
42127801,5,1,59492539323
42145401,1,6,110542375874
42145401,2,2,92591834911
42145401,3,4,85292749908
42145401,4,1,59492679114
42145401,5,10,51487674237
42145501,1,6,110542296174
42145501,2,5,95018832108
42145501,3,2,92591841905
42145501,4,4,85292666156
42145501,5,10,51487580200
42145601,1,6,110542381444
42145601,2,3,100484510032
42145601,3,7,98673824793
42145601,4,5,95018832108
42145601,5,2,92591841905
42202010,1,6,110542381444
42202010,2,3,100484493562
42202010,3,7,98673824793
42202010,4,2,92591841905
42202010,5,1,59492648956
42202201,1,6,110542123062
42202201,2,3,100484434194
42202201,3,5,95018759206
42202201,4,2,92591633552
42202201,5,10,51487674237
42204360,1,6,110542185822
42204360,2,5,95018574627
42204360,3,2,92591841905
42204360,4,1,59492570335
42204360,5,10,51487674237
42204501,1,6,110542381444
42204501,2,3,100484510032
42204501,3,7,98673824793
42204501,4,5,95018832108
42204501,5,2,92591841905
42208001,1,6,110542381444
42208001,2,3,100484510032
42208001,3,7,98673824793
42208001,4,5,95018832108
42208001,5,2,92591841905
42215201,1,6,110542381444
42215201,2,7,98673490510
42215201,3,5,95018832108
42215201,4,1,59492008827
42215201,5,10,51487225888
42217001,1,7,98593270101
42217001,2,5,94938306967
42217001,3,2,92555150906
42217001,4,4,85292762690
42217001,5,1,59404908198
42234401,1,6,110542381444
42234401,2,7,98673618444
42234401,3,5,95018832108
42234401,4,2,92591512270
42234401,5,1,59492690176
42300310,1,6,110542381444
42300310,2,3,100481509259
42300310,3,7,98667209537
42300310,4,5,95016180293
42300310,5,1,59492690176
42400301,1,6,110542381444
42400301,2,3,100484510032
42400301,3,7,98673824793
42400301,4,4,85292368443
42400301,5,1,59492690176
42400601,1,6,110527446769
42400601,2,7,98650151405
42400601,3,2,92572277769
42400601,4,4,85279151574
42400601,5,9,49803711446
42478201,1,6,110500288619
42478201,2,2,92569034447
42478201,3,4,85262262376
42478201,4,1,59445972513
42478201,5,10,51487674237
42500501,1,6,110542340520
42500501,2,3,100484481161
42500501,3,7,98673824793
42500501,4,5,95018783516
42500501,5,10,51487674237
42500701,1,6,110542381444
42500701,2,3,100484509477
42500701,3,7,98673824793
42500701,4,5,95018831403
42500701,5,4,85292762690
42500930,1,3,100484366237
42500930,2,5,95018832108
42500930,3,2,92591841905
42500930,4,4,85292660288
42500930,5,1,59492568124
42501130,1,6,110542381444
42501130,2,2,92591841905
42501130,3,4,85290993704
42501130,4,1,59491385440
42501130,5,10,51487674237
42508001,1,6,110542080398
42508001,2,3,100484510032
42508001,3,7,98673824793
42508001,4,5,95018738813
42508001,5,2,92591841905
42700190,1,5,95018805652
42700190,2,2,92591841905
42700190,3,4,85292592442
42700190,4,10,51487612353
42700190,5,9,49803591546
42700501,1,7,98673824793
42700501,2,5,95018643437
42700501,3,2,92591841905
42700501,4,4,85292404502
42700501,5,1,59492690176
42800320,1,6,110542381444
42800320,2,3,100484510032
42800320,3,7,98524039154
42800320,4,2,92591841905
42800320,5,1,59492690176
42800430,1,3,100484508656
42800430,2,7,98673823418
42800430,3,2,92591840354
42800430,4,4,85292762690
42800430,5,10,51487674237
42802501,1,6,110541465171
42802501,2,3,100483774668
42802501,3,5,95018832108
42802501,4,2,92591034463
42802501,5,10,51487674237
42802730,1,6,110542316264
42802730,2,3,100484403241
42802730,3,7,98673824793
42802730,4,4,85292762690
42802730,5,1,59492577806
42803230,1,6,110490396188
42803230,2,3,100484510032
42803230,3,2,92499827910
42803230,4,1,59420987828
42803230,5,10,51487674237
42803330,1,6,110542381444
42803330,2,3,100484510032
42803330,3,7,98673824793
42803330,4,5,95018832108
42803330,5,2,92591841905
42845301,1,6,110541202036
42845301,2,3,100483473940
42845301,3,2,92590694774
42845301,4,4,85292762690
42845301,5,10,51487674237
42900401,1,6,110542381444
42900401,2,3,100484493027
42900401,3,7,98673800604
42900401,4,5,95018832108
42900401,5,1,59492668812
42900610,1,6,110542318111
42900610,2,3,100484510032
42900610,3,2,92591841905
42900610,4,4,85292762690
42900610,5,1,59492656502
42901101,1,7,98673761171
42901101,2,2,92591841905
42901101,3,4,85292762690
42901101,4,1,59492582253
42901101,5,10,51487674237
42902410,1,6,110539990607
42902410,2,7,98669895667
42902410,3,5,95018832108
42902410,4,1,59490901518
42902410,5,10,51487674237
42902801,1,6,110542372665
42902801,2,5,95018815661
42902801,3,2,92591833885
42902801,4,1,59492672856
42902801,5,10,51487674237
42902950,1,6,110433951109
42902950,2,7,98673824793
42902950,3,5,94936491857
42902950,4,2,92520515331
42902950,5,1,59441013716
42903101,1,6,110542381444
42903101,2,5,95018771535
42903101,3,2,92591841905
42903101,4,4,85292762690
42903101,5,1,59492623300
42903301,1,6,110542381444
42903301,2,3,100484510032
42903301,3,7,98673755241
42903301,4,4,85292656071
42903301,5,1,59492576894
42903450,1,3,100067574898
42903450,2,7,98198089673
42903450,3,5,95018832108
42903450,4,4,84553131284
42903450,5,1,59492690176
42903701,1,3,100484510032
42903701,2,7,98502084960
42903701,3,5,95018832108
42903701,4,4,85115112995
42903701,5,1,59400382336
42903801,1,6,110542381444
42903801,2,3,100484479704
42903801,3,5,95018731902
42903801,4,4,85292673032
42903801,5,10,51487674237
42903960,1,6,110542313941
42903960,2,7,98673744668
42903960,3,2,92591841905
42903960,4,4,85292714663
42903960,5,10,51487674237
42904501,1,6,110542381444
42904501,2,3,100484510032
42904501,3,7,98673824793
42904501,4,5,95018832108
42904501,5,2,92591841905
42905601,1,6,110542381444
42905601,2,3,100484510032
42905601,3,7,98673824793
42905601,4,5,95018832108
42905601,5,2,92591841905
42906101,1,3,100484491012
42906101,2,7,98673824793
42906101,3,5,95018832108
42906101,4,2,92591841905
42906101,5,4,85292762690
42906410,1,6,110542381444
42906410,2,3,100483748660
42906410,3,2,92591841905
42906410,4,4,85292762690
42906410,5,1,59491835580
42906901,1,6,110542381444
42906901,2,3,100484508414
42906901,3,7,98673824793
42906901,4,5,95018832108
42906901,5,2,92591841905
42907401,1,6,110542381444
42907401,2,3,100484510032
42907401,3,7,98673824793
42907401,4,5,95018832108
42907401,5,2,92591841905
42907601,1,6,110542380708
42907601,2,3,100484509252
42907601,3,7,98673824793
42907601,4,2,92591841905
42907601,5,1,59492689482
42907701,1,6,110542381444
42907701,2,3,100484510032
42907701,3,7,98673824793
42907701,4,5,95018832108
42907701,5,2,92591841905
42907801,1,3,100484510032
42907801,2,5,95018823265
42907801,3,4,85292754676
42907801,4,10,51487661195
42907801,5,9,49803699502
42907901,1,6,110542381444
42907901,2,3,100484510032
42907901,3,7,98673824793
42907901,4,5,95018832108
42907901,5,2,92591841503
42908201,1,3,100482333206
42908201,2,7,98672037187
42908201,3,5,95016985844
42908201,4,2,92589691653
42908201,5,10,51487674237
42908301,1,6,110542381444
42908301,2,3,100473287524
42908301,3,7,98673824793
42908301,4,2,92591841905
42908301,5,4,85283000769
42908401,1,6,110542381444
42908401,2,3,100484510032
42908401,3,7,98673824793
42908401,4,5,95018832108
42908401,5,2,92591841905
42908610,1,6,110542381444
42908610,2,3,100484510032
42908610,3,7,98673824793
42908610,4,5,95018832108
42908610,5,2,92591841905
42910210,1,6,110542381444
42910210,2,3,100483680192
42910210,3,7,98673824793
42910210,4,5,95018185436
42910210,5,2,92591841905
42911660,1,6,110298445481
42911660,2,3,100181292481
42911660,3,5,95018832108
42911660,4,1,59191414462
42911660,5,10,51487674237
42911701,1,6,110541707297
42911701,2,3,100483844728
42911701,3,4,85292762690
42911701,4,1,59492200994
42911701,5,10,51487674237
42914510,1,6,110542381444
42914510,2,3,100484308212
42914510,3,5,95018507469
42914510,4,1,59492574812
42914510,5,10,51487674237
42915201,1,3,100484341796
42915201,2,7,98673824793
42915201,3,5,95018666163
42915201,4,2,92591841905
42915201,5,4,85292762690
42917600,1,6,110541545757
42917600,2,3,100483699146
42917600,3,7,98673365043
42917600,4,5,95018832108
42917600,5,2,92591306058
42919901,1,6,110542380883
42919901,2,3,100484509530
42919901,3,7,98673824322
42919901,4,5,95018832108
42919901,5,10,51487674237
42924600,1,6,110542381444
42924600,2,3,100484510032
42924600,3,7,98673824793
42924600,4,5,95018832108
42924600,5,2,92591841905
42925201,1,6,110542182111
42925201,2,3,100484510032
42925201,3,7,98673701943
42925201,4,2,92591841905
42925201,5,4,85292647267
42939901,1,3,100471540876
42939901,2,7,98673824793
42939901,3,5,95012614464
42939901,4,4,85292762690
42939901,5,1,59492690176
43204201,1,3,100482756764
43204201,2,7,98673824793
43204201,3,2,92591841905
43204201,4,1,59492127501
43204201,5,10,51485585492
43300130,1,6,110542381444
43300130,2,3,100484510032
43300130,3,7,98673824793
43300130,4,5,95018832108
43300130,5,2,92591841905
43300201,1,6,110542381444
43300201,2,3,100484510032
43300201,3,7,98673824793
43300201,4,5,95018832108
43300201,5,2,92591841905
43302201,1,7,98673824793
43302201,2,5,95018832108
43302201,3,2,92591836287
43302201,4,4,85292762690
43302201,5,1,59492690176
43302301,1,6,110542381444
43302301,2,3,100484510032
43302301,3,7,98673824793
43302301,4,5,95018832108
43302301,5,2,92591841905
43500030,1,6,110541183345
43500030,2,3,100483200867
43500030,3,7,98672799226
43500030,4,2,92590957020
43500030,5,1,59492690176
43500201,1,3,100440653187
43500201,2,2,92591841905
43500201,3,4,85238879238
43500201,4,1,59468326266
43500201,5,10,51487674237
43500301,1,6,110542323791
43500301,2,3,100484510032
43500301,3,5,95018780591
43500301,4,2,92591785930
43500301,5,4,85292762690
43600401,1,6,110542139630
43600401,2,3,100484510032
43600401,3,5,95018513614
43600401,4,2,92591626435
43600401,5,4,85292454658
43700001,1,6,110542381444
43700001,2,3,100484510032
43700001,3,7,98673824793
43700001,4,5,95018832108
43700001,5,2,92591841905
43800001,1,6,110541944382
43800001,2,3,100484510032
43800001,3,7,98673453689
43800001,4,2,92591841905
43800001,5,10,51487674237
44000130,1,6,110542381444
44000130,2,3,100411402817
44000130,3,7,98593894396
44000130,4,2,92591841905
44000130,5,4,85231071483
44200010,1,6,110541229520
44200010,2,3,100483782483
44200010,3,5,95017716264
44200010,4,2,92590892990
44200010,5,10,51487674237
50100001,1,6,110542381444
50100001,2,3,100484510032
50100001,3,7,98673824793
50100001,4,5,95018832108
50100001,5,2,92591841905
50100210,1,3,100109149132
50100210,2,7,98371763007
50100210,3,2,92449820389
50100210,4,4,85168848799
50100210,5,10,50997986029
50100401,1,6,110532988317
50100401,2,3,100474684551
50100401,3,5,95008967854
50100401,4,4,85286580612
50100401,5,10,51487674237
50100610,1,3,100484286562
50100610,2,5,95018554360
50100610,3,2,92591603234
50100610,4,1,59492376272
50100610,5,10,51487674237
50100710,1,6,110542381444
50100710,2,3,100484510032
50100710,3,7,98673824793
50100710,4,5,95018832108
50100710,5,2,92591841905
50101301,1,6,110542314590
50101301,2,3,100484488815
50101301,3,2,92591734002
50101301,4,4,85292661692
50101301,5,10,51487674237
50101410,1,3,100438173949
50101410,2,5,94850564906
50101410,3,2,92591841905
50101410,4,4,85292762690
50101410,5,1,59355158998
50101601,1,6,110542381444
50101601,2,3,100484510032
50101601,3,7,98673824793
50101601,4,5,95018832108
50101601,5,2,92591841905
50102301,1,6,110542381444
50102301,2,3,100484510032
50102301,3,7,98673824793
50102301,4,5,95018832108
50102301,5,2,92591839074
50102801,1,6,110542381444
50102801,2,3,100484510032
50102801,3,7,98673824793
50102801,4,5,95018832108
50102801,5,2,92591841905
50104101,1,6,110542381444
50104101,2,7,98672965028
50104101,3,2,92591164736
50104101,4,4,85292566034
50104101,5,10,51486814780
50104601,1,6,110536018885
50104601,2,3,100476725536
50104601,3,5,95011937726
50104601,4,4,85288095072
50104601,5,10,51487674237
50104860,1,6,110542381444
50104860,2,3,100484510032
50104860,3,7,98673824793
50104860,4,5,95018832108
50104860,5,2,92591841905
50105301,1,6,110542377859
50105301,2,3,100484510032
50105301,3,7,98673824793
50105301,4,2,92591838181
50105301,5,4,85292758493
50105801,1,6,110542381444
50105801,2,3,100484510032
50105801,3,7,98673824793
50105801,4,5,95018832108
50105801,5,2,92591841905
50106160,1,7,98673711926
50106160,2,2,92591841905
50106160,3,4,85292655897
50106160,4,1,59492588942
50106160,5,10,51487573891
50106360,1,3,100484491856
50106360,2,7,98673802295
50106360,3,2,92591815867
50106360,4,4,85292728570
50106360,5,10,51487674237
50106601,1,6,110540461347
50106601,2,7,98670137019
50106601,3,5,95013418540
50106601,4,4,85292762690
50106601,5,10,51487674237
50106801,1,6,110542381444
50106801,2,3,100484510032
50106801,3,7,98673824793
50106801,4,5,95018832108
50106801,5,2,92591841905
50107101,1,6,110476300251
50107101,2,3,100484510032
50107101,3,7,98500592917
50107101,4,2,92511867798
50107101,5,1,59374881118
50107201,1,6,110542381444
50107201,2,3,100484510032
50107201,3,7,98673824793
50107201,4,5,95018832108
50107201,5,2,92591841905
50108401,1,6,110542381444
50108401,2,3,100484510032
50108401,3,7,98673824793
50108401,4,5,95018832108
50108401,5,2,92591841905
50108501,1,7,98673748132
50108501,2,5,95018724638
50108501,3,2,92591783615
50108501,4,1,59492690176
50108501,5,9,49803625385
50109601,1,6,110542381444
50109601,2,3,100484510032
50109601,3,7,98673824793
50109601,4,5,95018832108
50109601,5,2,92591841905
50110001,1,6,110542381444
50110001,2,3,100483674438
50110001,3,7,98673824793
50110001,4,5,95018832108
50110001,5,4,85292762690
50110101,1,6,110542336344
50110101,2,7,98673691991
50110101,3,4,85292706040
50110101,4,1,59492690176
50110101,5,9,49803604549
50110400,1,6,110542311470
50110400,2,3,100484478840
50110400,3,7,98673782542
50110400,4,2,92591787134
50110400,5,4,85292762690
50110901,1,6,110519171125
50110901,2,3,100462624521
50110901,3,4,85272661078
50110901,4,1,59469431514
50110901,5,10,51487674237
50111101,1,6,110542379909
50111101,2,7,98673823251
50111101,3,2,92591840568
50111101,4,1,59492688600
50111101,5,10,51487674237
50111501,1,6,110480592178
50111501,2,7,98603427100
50111501,3,4,85218399609
50111501,4,10,51437625420
50111501,5,9,49803711446
50111801,1,3,100484510032
50111801,2,2,92591818467
50111801,3,4,85292723029
50111801,4,10,51487639999
50111801,5,9,49803671216
50112601,1,3,100484410804
50112601,2,7,98673824793
50112601,3,2,92591671003
50112601,4,4,85292704956
50112601,5,1,59492646849
50112701,1,3,100484295206
50112701,2,7,98673666992
50112701,3,5,95018777996
50112701,4,4,85292635003
50112701,5,10,51487566139
50112801,1,6,110523196610
50112801,2,3,100466804603
50112801,3,5,94997568280
50112801,4,1,59492690176
50112801,5,10,51469645379
50112901,1,7,98673771533
50112901,2,5,95018772998
50112901,3,4,85292723479
50112901,4,1,59492690176
50112901,5,10,51487620254
50113001,1,6,110541895459
50113001,2,3,100484138115
50113001,3,7,98673824793
50113001,4,4,85292762690
50113001,5,1,59492176144
50113460,1,3,100484505192
50113460,2,7,98673820811
50113460,3,5,95018832108
50113460,4,2,92591841905
50113460,5,1,59492690176
50113701,1,6,110517168275
50113701,2,7,98673824793
50113701,3,5,94996832132
50113701,4,2,92591841905
50113701,5,4,85261740589
50113801,1,6,110542378962
50113801,2,3,100484507416
50113801,3,7,98673824793
50113801,4,5,95018830310
50113801,5,1,59492690176
50113901,1,3,100484510032
50113901,2,7,98673798222
50113901,3,5,95018802376
50113901,4,2,92591780360
50113901,5,4,85292762690
50114101,1,6,110542381444
50114101,2,7,98673824793
50114101,3,5,95018807708
50114101,4,4,85292762690
50114101,5,1,59492664332
50114301,1,6,110542357292
50114301,2,3,100484503338
50114301,3,7,98673815199
50114301,4,10,51487646965
50114301,5,9,49803694772
50114501,1,6,110542381444
50114501,2,3,100469478404
50114501,3,5,95018832108
50114501,4,2,92591841905
50114501,5,1,59474761111
50114801,1,6,110542381444
50114801,2,3,100484510032
50114801,3,7,98673824793
50114801,4,5,95018832108
50114801,5,2,92591841905
50115001,1,3,100484510032
50115001,2,7,98483141915
50115001,3,5,94904886650
50115001,4,2,92473497530
50115001,5,1,59492690176
50115501,1,6,110542283374
50115501,2,5,95018730298
50115501,3,2,92591784776
50115501,4,4,85292696897
50115501,5,1,59492690176
50115601,1,6,110542381444
50115601,2,3,100390161412
50115601,3,5,94789985233
50115601,4,4,85032168449
50115601,5,10,51292614778
50115901,1,6,110542381444
50115901,2,3,100484510032
50115901,3,7,98673824793
50115901,4,5,95018832108
50115901,5,2,92591841905
50117001,1,3,100190497299
50117001,2,5,95018832108
50117001,3,4,84983192629
50117001,4,1,59099242901
50117001,5,10,51487674237
50117401,1,6,110542312162
50117401,2,5,95018812590
50117401,3,2,92591798364
50117401,4,4,85292699267
50117401,5,1,59492634218
50117501,1,6,110542381444
50117501,2,3,100484510032
50117501,3,7,98673824793
50117501,4,5,95018832108
50117501,5,2,92553326119
50117601,1,6,110542381444
50117601,2,3,100484510032
50117601,3,7,98673824793
50117601,4,5,95018832108
50117601,5,4,85292755116
50118101,1,6,110542360717
50118101,2,3,100484499090
50118101,3,7,98673824793
50118101,4,4,85292762690
50118101,5,10,51487653542
50118260,1,6,110520911056
50118260,2,3,100484510032
50118260,3,7,98673824793
50118260,4,5,94993083376
50118260,5,4,85282293883
50118901,1,6,110542381444
50118901,2,3,100484510032
50118901,3,7,98673824793
50118901,4,5,95018832108
50118901,5,2,92591841905
50119101,1,6,110542381444
50119101,2,3,100484510032
50119101,3,2,92591558815
50119101,4,1,59492690176
50119101,5,10,51487463740
50120601,1,6,110542374556
50120601,2,3,100484500958
50120601,3,7,98673824793
50120601,4,5,95018823599
50120601,5,9,49803704583
50120810,1,6,110542381444
50120810,2,3,100484510032
50120810,3,7,98673824793
50120810,4,5,95018832108
50120810,5,2,92591841905
50120901,1,3,100465518572
50120901,2,5,95018832108
50120901,3,4,85287681273
50120901,4,1,59470159066
50120901,5,10,51466749389
50121101,1,6,110542359629
50121101,2,7,98673824793
50121101,3,5,95018782068
50121101,4,2,92591841905
50121101,5,4,85292762690
50121201,1,3,100484510032
50121201,2,7,98673824793
50121201,3,5,95018832108
50121201,4,4,85287526404
50121201,5,1,59481484491
50121350,1,6,110511380686
50121350,2,3,100464934396
50121350,3,7,98673824793
50121350,4,1,59436404599
50121350,5,10,51487674237
50121701,1,6,110542381444
50121701,2,3,100383712682
50121701,3,7,98673824793
50121701,4,2,92591841905
50121701,5,4,85292762690
50122901,1,6,110542381444
50122901,2,3,100484510032
50122901,3,7,98673824793
50122901,4,5,95018832108
50122901,5,2,92591841905
50123001,1,6,110542381444
50123001,2,3,100484510032
50123001,3,7,98673824793
50123001,4,5,95018832108
50123001,5,2,92591841905
50123501,1,6,110486386586
50123501,2,3,100441046772
50123501,3,5,94954944598
50123501,4,2,92546995569
50123501,5,10,51487674237
50124001,1,3,100484497780
50124001,2,7,98673824793
50124001,3,2,92591841905
50124001,4,4,85292744886
50124001,5,1,59492671913
50124101,1,6,110542381444
50124101,2,3,100482999266
50124101,3,7,98673824793
50124101,4,2,92591841905
50124101,5,4,85292762690
50124301,1,3,100484504891
50124301,2,2,92591838136
50124301,3,4,85292758443
50124301,4,1,59492690176
50124301,5,9,49803705748
50124820,1,7,98673789801
50124820,2,5,95018767738
50124820,3,2,92591810020
50124820,4,1,59492659294
50124820,5,10,51487643217
50125001,1,6,110542381444
50125001,2,3,100484510032
50125001,3,7,98673824793
50125001,4,5,95018832108
50125001,5,4,85292762507
50125101,1,6,110467707877
50125101,2,3,100484510032
50125101,3,7,98673824793
50125101,4,5,95018832108
50125101,5,1,59492690176
50125201,1,6,110542381444
50125201,2,3,100484510032
50125201,3,7,98673824793
50125201,4,5,95018832108
50125201,5,2,92591841905
50125301,1,6,110542366388
50125301,2,3,100484489898
50125301,3,7,98673824793
50125301,4,5,95018821980
50125301,5,9,49803696351
50125401,1,6,110542381444
50125401,2,3,100484510032
50125401,3,7,98673824793
50125401,4,5,95018832108
50125401,5,2,92591841905
50126100,1,7,98673824793
50126100,2,5,95018712049
50126100,3,4,85292655590
50126100,4,1,59492566616
50126100,5,9,49803621746
50126601,1,6,110510108799
50126601,2,3,100358712306
50126601,3,7,98673824793
50126601,4,5,94906783000
50126601,5,1,59429200129
50126720,1,6,110542381444
50126720,2,3,100484510032
50126720,3,7,98673824793
50126720,4,5,95018832108
50126720,5,2,92591841905
50126900,1,6,110521753104
50126900,2,7,98651569828
50126900,3,5,95018832108
50126900,4,2,92591841905
50126900,5,4,85292762690
50127100,1,6,110497298862
50127100,2,7,98620717044
50127100,3,5,95018832108
50127100,4,2,92591841905
50127100,5,4,85292762690
50127201,1,6,110542381444
50127201,2,3,100484510032
50127201,3,7,98673824793
50127201,4,5,95018832108
50127201,5,2,92588660455
50127501,1,6,110542381444
50127501,2,3,100484510032
50127501,3,7,98673824793
50127501,4,5,95018832108
50127501,5,2,92591841905
50127601,1,6,110114914295
50127601,2,3,100484510032
50127601,3,2,92253533340
50127601,4,4,85292762690
50127601,5,10,51487674237
50127701,1,7,98673818283
50127701,2,4,85292759080
50127701,3,1,59492680868
50127701,4,10,51487674237
50127701,5,9,49803702443
50128201,1,6,110542381444
50128201,2,3,100484510032
50128201,3,5,94971078097
50128201,4,4,85292762690
50128201,5,1,59306932144
50128301,1,6,110512154888
50128301,2,3,100484510032
50128301,3,2,92591841905
50128301,4,4,85284879284
50128301,5,1,59492690176
50128401,1,6,110542381444
50128401,2,3,100484493193
50128401,3,4,85292762690
50128401,4,1,59492690176
50128401,5,10,51487656045
50128501,1,6,110512673806
50128501,2,5,95000162407
50128501,3,4,85238675671
50128501,4,1,59438024393
50128501,5,10,51457019344
50128990,1,6,110542381444
50128990,2,3,100254859107
50128990,3,5,94884109991
50128990,4,2,92218449794
50128990,5,4,85292762690
50129501,1,6,110542381444
50129501,2,3,100484510032
50129501,3,7,98673824793
50129501,4,5,95018832108
50129501,5,2,92591841905
50129600,1,6,110542381444
50129600,2,7,98672909747
50129600,3,5,95018832108
50129600,4,2,92591841905
50129600,5,4,85291536719
50129820,1,6,110526685386
50129820,2,3,100464834858
50129820,3,7,98653378205
50129820,4,4,85292762690
50129820,5,9,49785141945
50129901,1,6,110542381444
50129901,2,3,100484355794
50129901,3,7,98673580100
50129901,4,5,95018661081
50129901,5,1,59492449141
50130101,1,6,110542381444
50130101,2,7,98673824793
50130101,3,5,95005457049
50130101,4,2,92577433494
50130101,5,1,59480480528
50130201,1,6,110542381198
50130201,2,7,98673824444
50130201,3,5,95018831327
50130201,4,4,85292762468
50130201,5,1,59492690176
50131201,1,6,110527610861
50131201,2,7,98656786214
50131201,3,5,95000347510
50131201,4,4,85292762690
50131201,5,10,51477765800
50131301,1,3,100484508479
50131301,2,5,95018832108
50131301,3,2,92591840471
50131301,4,4,85292762690
50131301,5,1,59492688782
50131401,1,6,110542381444
50131401,2,3,100484510032
50131401,3,7,98673824793
50131401,4,5,95018832108
50131401,5,2,92591841905
50131701,1,6,110542381444
50131701,2,3,100484510032
50131701,3,7,98673824793
50131701,4,5,95018832108
50131701,5,4,85291258038
50131801,1,6,110542381444
50131801,2,3,100484510032
50131801,3,7,98673824793
50131801,4,5,95018832108
50131801,5,2,92591841448
50132301,1,6,110542381444
50132301,2,3,100484510032
50132301,3,7,98673824793
50132301,4,5,95018832108
50132301,5,2,92591841905
50132401,1,6,110542381444
50132401,2,3,100484510032
50132401,3,7,98673824793
50132401,4,5,95018832108
50132401,5,2,92582008360
50132501,1,6,110542326987
50132501,2,2,92591741322
50132501,3,4,85292762690
50132501,4,1,59492598062
50132501,5,10,51487674237
50132701,1,6,110542381036
50132701,2,3,100484510032
50132701,3,7,98673824793
50132701,4,5,95018832108
50132701,5,1,59492689468
50132801,1,6,110542381444
50132801,2,3,100484510032
50132801,3,7,98673824793
50132801,4,5,95018832108
50132801,5,2,92591841905
50132901,1,6,110542381444
50132901,2,3,100484510032
50132901,3,7,98673824793
50132901,4,5,95018832108
50132901,5,2,92591816100
50133101,1,6,110542175332
50133101,2,3,100484510032
50133101,3,2,92591582353
50133101,4,4,85292536826
50133101,5,10,51487674237
50133710,1,6,110542346618
50133710,2,3,100484488406
50133710,3,2,92591841905
50133710,4,4,85292744185
50133710,5,1,59492690176
50133901,1,6,110542381444
50133901,2,3,100484510032
50133901,3,7,98673824793
50133901,4,5,95018832108
50133901,5,2,92590021835
50134001,1,6,110542381444
50134001,2,3,100484510032
50134001,3,7,98673824793
50134001,4,5,95018832108
50134001,5,2,92591398141
50134301,1,6,110542381444
50134301,2,3,100186276365
50134301,3,2,92361309459
50134301,4,4,85292762690
50134301,5,10,51202349153
50134401,1,6,110542381444
50134401,2,3,100484510032
50134401,3,7,98673824793
50134401,4,5,95018832108
50134401,5,2,92591841905
50134501,1,6,110542381444
50134501,2,3,100484510032
50134501,3,7,98673824793
50134501,4,5,95018832108
50134501,5,4,85292762690
50134701,1,6,110542381444
50134701,2,3,100484510032
50134701,3,7,98673824793
50134701,4,5,95018832108
50134701,5,2,92591321897
50134801,1,6,110542381444
50134801,2,3,100484510032
50134801,3,7,98673824793
50134801,4,5,95018832108
50134801,5,2,92591841905
50134901,1,6,110542381444
50134901,2,3,100484510032
50134901,3,7,98673824793
50134901,4,5,95018832108
50134901,5,4,85291476217
50135201,1,6,110542381444
50135201,2,3,100484510032
50135201,3,7,98673824793
50135201,4,5,95018832108
50135201,5,4,85292520264
50135601,1,6,110542381444
50135601,2,3,100484510032
50135601,3,7,98673824793
50135601,4,5,95018832108
50135601,5,2,92591841905
50136110,1,6,110500621224
50136110,2,3,100475829271
50136110,3,4,85263165533
50136110,4,1,59443488614
50136110,5,10,51461023785
50136500,1,6,110542356937
50136500,2,3,100484510032
50136500,3,7,98673808523
50136500,4,4,85292762690
50136500,5,10,51487674237
50136930,1,6,110542381444
50136930,2,3,100484510032
50136930,3,7,98673824793
50136930,4,5,95018832108
50136930,5,2,92591841905
50137001,1,6,110504890927
50137001,2,3,100469795698
50137001,3,7,98655406035
50137001,4,5,94986149794
50137001,5,9,49755550964
50138201,1,6,110542381444
50138201,2,3,100484510032
50138201,3,7,98673824793
50138201,4,5,95018832108
50138201,5,2,92591841905
50138901,1,6,110542381444
50138901,2,3,100484510032
50138901,3,7,98673823872
50138901,4,5,95018832108
50138901,5,2,92591840781
50144301,1,3,100484374929
50144301,2,7,98673713582
50144301,3,4,85292762690
50144301,4,1,59492585516
50144301,5,10,51487674237
50145901,1,6,110542381444
50145901,2,3,100484510032
50145901,3,7,98673824793
50145901,4,5,95018832108
50145901,5,2,92591841905
50146401,1,6,110542375943
50146401,2,3,100484504167
50146401,3,7,98673824793
50146401,4,5,95018822755
50146401,5,4,85292762690
50146500,1,6,110541179300
50146500,2,3,100484230160
50146500,3,5,95018310339
50146500,4,4,85292762690
50146500,5,1,59492690176
50146900,1,3,100484389590
50146900,2,7,98673713967
50146900,3,2,92591804843
50146900,4,1,59492595825
50146900,5,10,51487615086
50152500,1,6,110542381444
50152500,2,3,100484510032
50152500,3,5,95018238582
50152500,4,2,92591293949
50152500,5,4,85292594667
50154301,1,3,100484197575
50154301,2,7,98673824793
50154301,3,5,95018832108
50154301,4,4,85292458914
50154301,5,1,59492690176
50158901,1,6,110542381444
50158901,2,3,100484510032
50158901,3,7,98673824793
50158901,4,5,94954736654
50158901,5,4,85149338138
50162301,1,6,110542381444
50162301,2,3,100484510032
50162301,3,7,98673824793
50162301,4,5,95018832108
50162301,5,2,92591841905
50165601,1,6,110542381444
50165601,2,3,100484510032
50165601,3,7,98673824793
50165601,4,5,95018832108
50165601,5,2,92591841905
50167801,1,6,110542381444
50167801,2,3,100418714446
50167801,3,7,98605051577
50167801,4,2,92591841905
50167801,5,4,85235272926
50168901,1,6,110542381444
50168901,2,3,100484510032
50168901,3,7,98673824793
50168901,4,5,95018832108
50168901,5,2,92591841905
50176501,1,6,110541088816
50176501,2,3,100482924729
50176501,3,7,98672888947
50176501,4,5,95017038873
50176501,5,4,85292762690
50177801,1,6,110540447893
50177801,2,3,100484510032
50177801,3,7,98673824793
50177801,4,5,95018832108
50177801,5,2,92589460587
50186500,1,6,110542381444
50186500,2,3,100484510032
50186500,3,7,98673824793
50186500,4,5,95018832108
50186500,5,4,85289815532
50188901,1,6,110542381444
50188901,2,7,98673810725
50188901,3,5,95018832108
50188901,4,4,85292752404
50188901,5,1,59492690176
50195601,1,3,100484510032
50195601,2,5,95018663805
50195601,3,2,92591651501
50195601,4,4,85292762690
50195601,5,1,59492484083
50196801,1,3,99768197778
50196801,2,5,95018832108
50196801,3,2,91928295204
50196801,4,1,58824977229
50196801,5,10,51487674237
50196901,1,6,110542381444
50196901,2,5,95018667191
50196901,3,2,92591841905
50196901,4,4,85292762690
50196901,5,1,59492524103
50197001,1,6,110537367153
50197001,2,3,100484510032
50197001,3,7,98667927306
50197001,4,2,92588340817
50197001,5,4,85286761457
50197101,1,6,110542347043
50197101,2,3,100484398331
50197101,3,7,98673712833
50197101,4,5,95018771572
50197101,5,1,59492579238
50197201,1,6,110541699102
50197201,2,5,95017790320
50197201,3,4,85292762690
50197201,4,1,59490991269
50197201,5,10,51487674237
50200101,1,7,97893684900
50200101,2,5,94525981151
50200101,3,2,92591841905
50200101,4,4,84757329702
50200101,5,1,59492690176
50200220,1,5,95018655257
50200220,2,2,92591703251
50200220,3,1,59492550129
50200220,4,10,51487497376
50200220,5,9,49803711446
50200330,1,3,100483797925
50200330,2,7,98673355729
50200330,3,5,95018832108
50200330,4,2,92591841905
50200330,5,1,59491984719
50201930,1,6,110542070957
50201930,2,7,98673588141
50201930,3,2,92591628367
50201930,4,4,85292762690
50201930,5,1,59492345791
50202701,1,3,100484450792
50202701,2,7,98673793475
50202701,3,2,92591800052
50202701,4,4,85292734408
50202701,5,1,59492665911
50204601,1,6,110542381444
50204601,2,3,100484510032
50204601,3,7,98673824793
50204601,4,5,95018832108
50204601,5,2,92591841905
50204701,1,3,100483534315
50204701,2,7,98672796755
50204701,3,2,92591841905
50204701,4,1,59492104513
50204701,5,10,51486707672
50205401,1,6,110542381444
50205401,2,3,100484510032
50205401,3,7,98672411604
50205401,4,2,92591841905
50205401,5,4,85292762690
50205701,1,6,110542381444
50205701,2,3,100484510032
50205701,3,7,98673824793
50205701,4,5,95018832108
50205701,5,2,92591841905
50207101,1,7,98673720988
50207101,2,4,85292571419
50207101,3,1,59492472585
50207101,4,10,51487609911
50207101,5,9,49803519063
50207201,1,7,98673824793
50207201,2,5,95018629204
50207201,3,2,92591650833
50207201,4,4,85292628215
50207201,5,10,51487674237
50207660,1,6,110542381444
50207660,2,3,100484160533
50207660,3,7,98673558454
50207660,4,2,92591346922
50207660,5,4,85292762690
50207801,1,6,110542350918
50207801,2,3,100484487707
50207801,3,2,92591841905
50207801,4,1,59492624535
50207801,5,10,51487638441
50208001,1,6,110542356842
50208001,2,3,100484456318
50208001,3,7,98673795804
50208001,4,5,95018774232
50208001,5,1,59492617024
50208401,1,6,110363858883
50208401,2,3,100383037970
50208401,3,2,92425622973
50208401,4,1,59308248418
50208401,5,9,49803711446
50208701,1,3,100484510032
50208701,2,7,98673452639
50208701,3,2,92591389072
50208701,4,4,85292762690
50208701,5,1,59491801958
50208801,1,6,110542095387
50208801,2,7,98673418156
50208801,3,2,92590737573
50208801,4,4,85292762690
50208801,5,10,51486834515
50209001,1,6,110542336633
50209001,2,3,100484492616
50209001,3,5,95018786269
50209001,4,2,92591841905
50209001,5,4,85292762690
50209101,1,6,110542305952
50209101,2,7,98673761636
50209101,3,5,95018832108
50209101,4,2,92591776501
50209101,5,1,59492633111
50209201,1,3,100484501940
50209201,2,2,92591836789
50209201,3,4,85292755648
50209201,4,1,59492688149
50209201,5,9,49803703374
50209501,1,6,110542381444
50209501,2,7,98673824793
50209501,3,5,95018811194
50209501,4,2,92591823545
50209501,5,4,85292753901
50209701,1,6,110542333004
50209701,2,7,98673794036
50209701,3,1,59492682115
50209701,4,10,51487659096
50209701,5,9,49803685601
50209801,1,6,110538460780
50209801,2,3,100481239688
50209801,3,5,95018832108
50209801,4,4,85289653020
50209801,5,1,59492690176
50210000,1,3,100484510032
50210000,2,5,95018831494
50210000,3,2,92591841905
50210000,4,4,85292762010
50210000,5,1,59492689542
50210601,1,6,110542320213
50210601,2,3,100484510032
50210601,3,7,98673713240
50210601,4,2,92591732447
50210601,5,1,59492618847
50210801,1,6,110537948040
50210801,2,3,100484510032
50210801,3,5,95018832108
50210801,4,2,92586926493
50210801,5,4,85289428233
50211101,1,3,100484510032
50211101,2,7,98648383196
50211101,3,5,95018832108
50211101,4,2,92591841905
50211101,5,4,85244928572
50211201,1,6,110542381444
50211201,2,3,100484510032
50211201,3,7,98673824793
50211201,4,5,95018832108
50211201,5,2,92591841905
50211501,1,3,100484510032
50211501,2,7,98673824793
50211501,3,5,95018791673
50211501,4,2,92591822391
50211501,5,1,59492665310
50211801,1,6,110542381444
50211801,2,3,100484510032
50211801,3,7,98673824793
50211801,4,5,95018832108
50211801,5,2,92591841905
50212160,1,6,110542381444
50212160,2,3,100479406004
50212160,3,5,95012670571
50212160,4,2,92586467414
50212160,5,4,85288371239
50212601,1,6,110542381444
50212601,2,7,98673823123
50212601,3,2,92591840974
50212601,4,4,85292762690
50212601,5,1,59492688602
50214301,1,3,100484478490
50214301,2,5,95018832108
50214301,3,4,85292723839
50214301,4,1,59492643564
50214301,5,9,49803689947
50215160,1,6,110526902263
50215160,2,7,98673824793
50215160,3,2,92580255192
50215160,4,1,59484399527
50215160,5,9,49796325315
50215730,1,6,110542248393
50215730,2,7,98673646936
50215730,3,5,95018743545
50215730,4,1,59492469175
50215730,5,10,51487674237
50215901,1,6,110541990506
50215901,2,3,100484510032
50215901,3,2,92591628762
50215901,4,4,85292497148
50215901,5,1,59492018782
50217310,1,6,110542319727
50217310,2,3,100484456721
50217310,3,5,95018832108
50217310,4,2,92591841905
50217310,5,4,85292762690
50222520,1,6,110542381444
50222520,2,3,100484510032
50222520,3,7,98673824793
50222520,4,5,95018832108
50222520,5,2,92591841905
50223500,1,6,110542265723
50223500,2,3,100484260058
50223500,3,5,95018583371
50223500,4,2,92591615938
50223500,5,10,51487674237
50224450,1,6,110541654205
50224450,2,5,95018144804
50224450,3,2,92591043166
50224450,4,4,85292366696
50224450,5,10,51487194727
50226601,1,6,110542381444
50226601,2,3,100483980639
50226601,3,7,98673356321
50226601,4,4,85292149363
50226601,5,1,59491974604
50226701,1,6,110542011839
50226701,2,3,100484348679
50226701,3,1,59492690176
50226701,4,10,51487207218
50226701,5,9,49803433081
50227001,1,3,100484510032
50227001,2,7,98673824793
50227001,3,5,95004903560
50227001,4,4,85268105219
50227001,5,10,51487674237
50235801,1,6,110542381444
50235801,2,3,100484510032
50235801,3,7,98673824793
50235801,4,5,95018832108
50235801,5,2,92591841905
50235901,1,6,110542381444
50235901,2,3,100484510032
50235901,3,7,98673824793
50235901,4,5,95018832108
50235901,5,2,92591841905
50236301,1,3,100484327445
50236301,2,7,98673701208
50236301,3,5,95018656863
50236301,4,4,85292520830
50236301,5,1,59492516207
50237301,1,6,110542286636
50237301,2,7,98673790749
50237301,3,5,95018745908
50237301,4,1,59492593501
50237301,5,10,51487674237
50246100,1,6,110542381444
50246100,2,3,100484510032
50246100,3,7,98673824793
50246100,4,5,95018832108
50246100,5,2,92591841905
50258901,1,6,110542381444
50258901,2,3,100484510032
50258901,3,7,98673824793
50258901,4,5,95018832108
50258901,5,2,92591841905
50268901,1,7,98673074316
50268901,2,2,92591245765
50268901,3,1,59492021423
50268901,4,10,51487173347
50268901,5,9,49803322075
50269001,1,6,110542381444
50269001,2,3,100484510032
50269001,3,7,98673824793
50269001,4,5,95018832108
50269001,5,2,92591841905
50269101,1,3,100484483510
50269101,2,7,98673814933
50269101,3,5,95018808008
50269101,4,1,59492690176
50269101,5,10,51487674237
50269201,1,6,110542381444
50269201,2,3,100484510032
50269201,3,7,98673824793
50269201,4,5,95018832108
50269201,5,2,92591841905
50269301,1,6,110542122655
50269301,2,3,100484342335
50269301,3,5,95018617481
50269301,4,4,85292657808
50269301,5,10,51487674237
50269401,1,6,110491315049
50269401,2,3,100435920024
50269401,3,5,94984250303
50269401,4,4,85220028795
50269401,5,9,49803711446
50300130,1,6,110542381444
50300130,2,3,100484510032
50300130,3,7,98673824793
50300130,4,5,95018832108
50300130,5,2,92591841905
50300501,1,6,110504817255
50300501,2,5,94999908904
50300501,3,4,85264894054
50300501,4,1,59471969459
50300501,5,9,49780710741
50300901,1,6,110542381444
50300901,2,3,100484510032
50300901,3,7,98673824793
50300901,4,5,95018832108
50300901,5,2,92591841905
50301050,1,3,100484294471
50301050,2,5,95018498636
50301050,3,1,59492450803
50301050,4,10,51487445105
50301050,5,9,49803358863
50301101,1,6,110542311034
50301101,2,7,98673747465
50301101,3,4,85292733883
50301101,4,1,59492639424
50301101,5,9,49803711446
50301201,1,6,110542381444
50301201,2,3,100484510032
50301201,3,7,98673824793
50301201,4,5,95018832108
50301201,5,2,92591841905
50317101,1,6,110542381444
50317101,2,3,100484510032
50317101,3,7,98673824793
50317101,4,5,95018832108
50317101,5,2,92591841905
50401201,1,3,100484509604
50401201,2,7,98673824793
50401201,3,5,95018831795
50401201,4,4,85292762690
50401201,5,1,59492689942
50401301,1,6,110542380260
50401301,2,3,100484510032
50401301,3,7,98673824793
50401301,4,5,95018832108
50401301,5,2,92591841905
50403550,1,6,110542381444
50403550,2,2,92591713413
50403550,3,4,85292678025
50403550,4,1,59492605036
50403550,5,9,49803594000
50403730,1,6,110005922650
50403730,2,3,100130485118
50403730,3,5,94684709326
50403730,4,4,85292762690
50403730,5,1,58981717984
50500001,1,6,110542161957
50500001,2,7,98673824793
50500001,3,2,92591841905
50500001,4,4,85292412171
50500001,5,1,59492342744
50501150,1,6,110542381444
50501150,2,3,100484510032
50501150,3,7,98673824793
50501150,4,5,95018832108
50501150,5,2,92591841905
50501501,1,6,110542319957
50501501,2,7,98673713927
50501501,3,2,92591841905
50501501,4,4,85292762690
50501501,5,1,59492620477
50501701,1,6,110542381444
50501701,2,3,100484510032
50501701,3,7,98673824793
50501701,4,5,95018832108
50501701,5,2,92591581166
50504420,1,3,100483754814
50504420,2,7,98673184114
50504420,3,2,92590807481
50504420,4,1,59492690176
50504420,5,10,51487674237
50504701,1,6,110542381444
50504701,2,3,100484510032
50504701,3,7,98673824793
50504701,4,5,95018832108
50504701,5,2,92591841905
50505400,1,3,100484510032
50505400,2,7,98574690157
50505400,3,5,94927168005
50505400,4,4,85203678284
50505400,5,10,51487674237
50505901,1,6,110542381444
50505901,2,3,100484510032
50505901,3,7,98673824793
50505901,4,5,94972751239
50505901,5,1,59408532212
50507801,1,6,110540395632
50507801,2,2,92590293424
50507801,3,4,85291253113
50507801,4,1,59492690176
50507801,5,10,51487674237
50508501,1,6,110542381444
50508501,2,3,100484510032
50508501,3,7,98673824793
50508501,4,5,95018832108
50508501,5,2,92591841905
50900001,1,6,110542342471
50900001,2,3,100484441430
50900001,3,7,98673824793
50900001,4,2,92591841905
50900001,5,1,59492616201
50900101,1,7,98673824793
50900101,2,2,92589627269
50900101,3,1,59491983943
50900101,4,10,51486195795
50900101,5,9,49800959349
50900240,1,6,110540494405
50900240,2,3,100483019061
50900240,3,5,95017413570
50900240,4,1,59490181480
50900240,5,10,51487674237
50900701,1,6,110541941639
50900701,2,7,98673085581
50900701,3,4,85292762690
50900701,4,1,59492500034
50900701,5,10,51487674237
50900901,1,6,110542381444
50900901,2,3,100484510032
50900901,3,7,98673824793
50900901,4,5,95018832108
50900901,5,2,92591841905
50901601,1,3,100484510032
50901601,2,7,98673791423
50901601,3,5,95018771576
50901601,4,4,85292762690
50901601,5,1,59492653189
50901901,1,6,110542381444
50901901,2,3,100484510032
50901901,3,7,98673824793
50901901,4,5,95018832108
50901901,5,2,92591841905
50902110,1,6,110542381444
50902110,2,3,100484510032
50902110,3,7,98673824793
50902110,4,5,95018832108
50902110,5,2,92591841905
50902501,1,7,98673738645
50902501,2,2,92591729441
50902501,3,1,59492583929
50902501,4,10,51487674237
50902501,5,9,49803622871
50902901,1,6,110542381444
50902901,2,3,100484202805
50902901,3,7,98673824793
50902901,4,5,95018832108
50902901,5,4,85292518536
50903101,1,6,110542381444
50903101,2,3,100484510032
50903101,3,7,98673824793
50903101,4,5,95018832108
50903101,5,2,92591841905
50903201,1,6,110542381444
50903201,2,3,100484510032
50903201,3,7,98671012832
50903201,4,2,92589124000
50903201,5,4,85292762690
50904001,1,6,110542366591
50904001,2,3,100484487235
50904001,3,7,98673824793
50904001,4,4,85292762690
50904001,5,1,59492667978
50904401,1,6,110542381444
50904401,2,7,98673756534
50904401,3,5,95018755358
50904401,4,2,92591822563
50904401,5,10,51487674237
50904601,1,6,110542381444
50904601,2,3,100484510032
50904601,3,7,98673824793
50904601,4,5,95018832108
50904601,5,2,92591841905
50904801,1,6,110542381444
50904801,2,3,100484510032
50904801,3,7,98673824793
50904801,4,5,95018832108
50904801,5,2,92591841905
50906301,1,6,110542381444
50906301,2,3,100484510032
50906301,3,7,98673824793
50906301,4,5,95018832108
50906301,5,2,92591841905
50906901,1,6,110542381444
50906901,2,7,98673442644
50906901,3,5,95017295019
50906901,4,2,92591841905
50906901,5,4,85291432568
50918001,1,7,98273578017
50918001,2,5,94767698713
50918001,3,2,92303018776
50918001,4,10,51487674237
50918001,5,9,49526418075
50918901,1,6,110542218122
50918901,2,3,100484372398
50918901,3,5,95018832108
50918901,4,4,85292762690
50918901,5,10,51487527167
50926701,1,6,110542353990
50926701,2,3,100484510032
50926701,3,7,98673824793
50926701,4,2,92591841905
50926701,5,1,59492589125
50945401,1,3,100481711264
50945401,2,5,95014509802
50945401,3,2,92591841905
50945401,4,4,85292762690
50945401,5,1,59492690176
50945501,1,3,100396012963
50945501,2,7,98673824793
50945501,3,5,94964239604
50945501,4,2,92420775655
50945501,5,1,59467025913
51018901,1,6,110542381444
51018901,2,3,100484510032
51018901,3,7,98673824793
51018901,4,5,95018832108
51018901,5,2,92591841905
51056201,1,6,110541266647
51056201,2,3,100483897950
51056201,3,7,98673824793
51056201,4,4,85291606753
51056201,5,1,59491641312
51300501,1,6,110541618027
51300501,2,3,100483954532
51300501,3,5,95018832108
51300501,4,4,85292300038
51300501,5,1,59491930619
51400401,1,6,110542381444
51400401,2,3,100480099554
51400401,3,7,98672437511
51400401,4,2,92586298493
51400401,5,1,59490308882
51400601,1,6,110530923469
51400601,2,7,98668152340
51400601,3,5,95011462594
51400601,4,4,85292762690
51400601,5,1,59492690176
51400701,1,6,110521279298
51400701,2,3,100450993905
51400701,3,5,94996893143
51400701,4,10,51487674237
51400701,5,9,49780367383
51406601,1,5,94962056459
51406601,2,4,85248172307
51406601,3,1,59492690176
51406601,4,10,51420336760
51406601,5,9,49787262908
51418901,1,6,110542381444
51418901,2,3,100484510032
51418901,3,7,98673824793
51418901,4,5,95018832108
51418901,5,2,92591841905
51425401,1,6,110540869804
51425401,2,3,100483068132
51425401,3,5,95018097706
51425401,4,2,92589980907
51425401,5,10,51487674237
51500101,1,6,110542381444
51500101,2,3,100484510032
51500101,3,7,98673824793
51500101,4,5,95018832108
51500101,5,2,92591841905
51506201,1,6,110542381444
51506201,2,3,100484510032
51506201,3,7,98673824793
51506201,4,5,95018832108
51506201,5,2,92591841905
51525401,1,6,110541875123
51525401,2,7,98673661012
51525401,3,2,92591841905
51525401,4,1,59492380470
51525401,5,10,51487674237
51600230,1,6,110542381444
51600230,2,3,100484510032
51600230,3,7,98673814959
51600230,4,2,92591837040
51600230,5,1,59492683477
51600301,1,6,110542210572
51600301,2,3,100484150726
51600301,3,5,95018527838
51600301,4,4,85292762690
51600301,5,1,59492431325
51600801,1,7,98672840036
51600801,2,5,95018832108
51600801,3,2,92591841905
51600801,4,4,85292762690
51600801,5,1,59492166685
51601130,1,3,100482131364
51601130,2,7,98671141844
51601130,3,2,92591841905
51601130,4,4,85292762690
51601130,5,1,59490380185
51601330,1,6,110542381444
51601330,2,3,100484502020
51601330,3,2,92591789309
51601330,4,1,59492642648
51601330,5,10,51487674237
51601930,1,6,110531713341
51601930,2,7,98673824793
51601930,3,5,95018832108
51601930,4,2,92591841905
51601930,5,4,85292762690
51603901,1,3,100478884856
51603901,2,7,98668497342
51603901,3,4,85289599279
51603901,4,10,51487674237
51603901,5,9,49798106219
51627201,1,6,110542085184
51627201,2,7,98673477580
51627201,3,4,85292573214
51627201,4,1,59492432843
51627201,5,10,51487674237
51700201,1,3,100484510032
51700201,2,7,98673824793
51700201,3,5,95018827386
51700201,4,2,92591841905
51700201,5,4,85292759748
51815201,1,6,110542381444
51815201,2,7,98673824793
51815201,3,5,95014181529
51815201,4,2,92589586093
51815201,5,4,85288866948
51914301,1,6,110542291341
51914301,2,3,100484395563
51914301,3,5,95018690760
51914301,4,2,92591688015
51914301,5,9,49803538798
52400401,1,6,110542381444
52400401,2,3,100415925594
52400401,3,2,92591841905
52400401,4,4,85158761941
52400401,5,1,59420743352
52402001,1,6,110542381444
52402001,2,3,100484510032
52402001,3,7,98673824793
52402001,4,5,95018832108
52402001,5,2,92591841905
52402101,1,6,110542310379
52402101,2,3,100484444229
52402101,3,5,95018756327
52402101,4,1,59492614773
52402101,5,10,51487620910
52402501,1,5,95018831092
52402501,2,4,85292761394
52402501,3,1,59492686797
52402501,4,10,51487674237
52402501,5,9,49803708333
52402601,1,6,110542381444
52402601,2,3,100484510032
52402601,3,7,98673824793
52402601,4,5,95018832108
52402601,5,2,92591841905
52403101,1,6,110542381444
52403101,2,3,100484510032
52403101,3,7,98673824793
52403101,4,5,95018832108
52403101,5,2,92591841905
52403201,1,6,110542357672
52403201,2,3,100484510032
52403201,3,7,98673811632
52403201,4,5,95018832108
52403201,5,1,59492690176
52403601,1,6,110542381444
52403601,2,3,100484090355
52403601,3,7,98673587223
52403601,4,4,85292433008
52403601,5,1,59492690176
52403801,1,3,100484510032
52403801,2,5,95018832108
52403801,3,2,92591841905
52403801,4,4,85273200911
52403801,5,1,59479162028
52404201,1,6,110542381444
52404201,2,3,100484510032
52404201,3,7,98673824365
52404201,4,5,95018832108
52404201,5,2,92591841457
52404601,1,6,110542381444
52404601,2,3,100481582679
52404601,3,5,95012024410
52404601,4,4,85287837916
52404601,5,1,59487957863
52408201,1,3,100484277135
52408201,2,2,92591841905
52408201,3,4,85292507996
52408201,4,1,59492401886
52408201,5,9,49803408988
52412001,1,6,110542381444
52412001,2,3,100484510032
52412001,3,5,95017427145
52412001,4,4,85292762690
52412001,5,1,59492166593
52415201,1,7,98405283737
52415201,2,5,94758199157
52415201,3,1,59492690176
52415201,4,10,51367070733
52415201,5,9,49385418651
52416100,1,6,110542381444
52416100,2,3,100484510032
52416100,3,7,98673824793
52416100,4,5,95018832108
52416100,5,2,92591841905
52418901,1,6,110542381444
52418901,2,3,100484510032
52418901,3,7,98673824793
52418901,4,5,95018832108
52418901,5,2,92591841905
52436200,1,6,110542381444
52436200,2,7,98661028673
52436200,3,5,95007668571
52436200,4,2,92578213004
52436200,5,4,85292762690
52436301,1,6,110542345326
52436301,2,7,98673824793
52436301,3,5,95018832108
52436301,4,2,92591841905
52436301,5,4,85292762690
52436401,1,3,100484483295
52436401,2,7,98673803108
52436401,3,5,95018817948
52436401,4,2,92591841905
52436401,5,10,51487664935
52436501,1,6,110542381444
52436501,2,3,100484510032
52436501,3,7,98673824793
52436501,4,5,95018832108
52436501,5,2,92591841905
52436601,1,6,110542380378
52436601,2,7,98673824793
52436601,3,5,95018832108
52436601,4,2,92591840774
52436601,5,4,85292762690
52500301,1,6,110542381444
52500301,2,3,100484510032
52500301,3,7,98673824793
52500301,4,4,85287663928
52500301,5,1,59480213685
52500601,1,6,110506099627
52500601,2,3,100484510032
52500601,3,7,98673824793
52500601,4,5,94992555996
52500601,5,4,85283631117
52502350,1,3,100484292378
52502350,2,7,98673549336
52502350,3,5,95018832108
52502350,4,2,92591841905
52502350,5,4,85292762690
52503450,1,6,110542381444
52503450,2,3,100484510032
52503450,3,7,98673824793
52503450,4,5,95018832108
52503450,5,2,92591841905
52503601,1,6,110542381444
52503601,2,3,100484510032
52503601,3,7,98673824793
52503601,4,5,95018832108
52503601,5,2,92591841905
52505901,1,6,110542360151
52505901,2,3,100484488542
52505901,3,7,98673824793
52505901,4,4,85292739686
52505901,5,1,59492660960
52507001,1,6,110542381444
52507001,2,7,98673807340
52507001,3,5,95018832108
52507001,4,1,59492679919
52507001,5,10,51487657137
52507401,1,6,110542381444
52507401,2,7,98673705767
52507401,3,5,95018832108
52507401,4,2,92591841905
52507401,5,4,85292680935
52507801,1,6,110542381444
52507801,2,5,94986618944
52507801,3,2,92539363941
52507801,4,4,85263657565
52507801,5,1,59492690176
52510201,1,6,110542257769
52510201,2,7,98673578391
52510201,3,5,95018670269
52510201,4,4,85292762690
52510201,5,1,59492690176
52514600,1,6,110542381444
52514600,2,3,100484510032
52514600,3,7,98673824793
52514600,4,5,95018832108
52514600,5,2,92591841905
52525401,1,3,100484505486
52525401,2,2,92591837102
52525401,3,4,85292758965
52525401,4,1,59492684918
52525401,5,10,51487674237
52600360,1,6,110542319081
52600360,2,3,100484510032
52600360,3,5,95018832108
52600360,4,2,92591841905
52600360,5,1,59492690176
52700301,1,6,110542381444
52700301,2,3,100454438903
52700301,3,7,98644827448
52700301,4,2,92591841905
52700301,5,4,85260347294
52718901,1,3,100484510032
52718901,2,7,98673824793
52718901,3,4,85292495127
52718901,4,1,59492482386
52718901,5,10,51487674237
52800560,1,7,98673824793
52800560,2,5,95018767832
52800560,3,2,92591841905
52800560,4,4,85292726732
52800560,5,1,59492666289
52903301,1,6,110542381444
52903301,2,3,100484510032
52903301,3,7,98673824793
52903301,4,5,95018832108
52903301,5,2,92591841905
52918901,1,6,110542381444
52918901,2,3,100483802146
52918901,3,5,95017897503
52918901,4,2,92590180804
52918901,5,1,59491551457
53000401,1,6,110542381444
53000401,2,7,98673824793
53000401,3,5,95018796701
53000401,4,2,92591777231
53000401,5,4,85292734634
53001050,1,6,110542381444
53001050,2,7,98672770273
53001050,3,2,92591841905
53001050,4,4,85292303041
53001050,5,1,59491613189
53001720,1,3,100484503271
53001720,2,5,95018819930
53001720,3,2,92591841905
53001720,4,1,59492672213
53001720,5,10,51487674237
53001801,1,6,110542380884
53001801,2,5,95018831656
53001801,3,2,92591841379
53001801,4,4,85292762690
53001801,5,10,51487674237
53003301,1,6,110542185480
53003301,2,3,100484510032
53003301,3,7,98673722016
53003301,4,5,95018719470
53003301,5,2,92591648244
53018901,1,6,110542372770
53018901,2,3,100484501847
53018901,3,2,92591836621
53018901,4,4,85292758007
53018901,5,10,51487674237
53100501,1,6,110542381444
53100501,2,3,100484510032
53100501,3,7,98673824793
53100501,4,5,95018832108
53100501,5,2,92591841905
53100601,1,6,110542381444
53100601,2,7,98672499003
53100601,3,2,92590233424
53100601,4,1,59491991224
53100601,5,9,49803080536
53500601,1,3,100484509768
53500601,2,7,98673824763
53500601,3,2,92591841773
53500601,4,4,85292762428
53500601,5,10,51487674237
53501201,1,6,110542381444
53501201,2,3,100484510032
53501201,3,7,98673824793
53501201,4,5,95018832108
53501201,5,2,92591841905
53501401,1,7,98673824793
53501401,2,5,95018832108
53501401,3,2,92591582138
53501401,4,4,85292762690
53501401,5,1,59492441205
53501601,1,6,110542381444
53501601,2,3,100484510032
53501601,3,7,98673824793
53501601,4,5,95018832108
53501601,5,2,92591841905
53502701,1,6,110541516247
53502701,2,7,98673244554
53502701,3,2,92591212949
53502701,4,1,59492025331
53502701,5,10,51487674237
53516701,1,6,110542381444
53516701,2,3,100484510032
53516701,3,7,98673824793
53516701,4,5,95018832108
53516701,5,2,92591841905
53600400,1,3,100484510032
53600400,2,5,95016935668
53600400,3,2,92588902815
53600400,4,4,85292762690
53600400,5,1,59490361485
53601201,1,7,98673824793
53601201,2,5,95018610287
53601201,3,2,92591691538
53601201,4,4,85292548964
53601201,5,10,51487674237
53601701,1,3,100484483945
53601701,2,7,98673775739
53601701,3,5,95018832108
53601701,4,2,92591809597
53601701,5,10,51487674237
53602001,1,6,110542381444
53602001,2,3,100484510032
53602001,3,7,98673824793
53602001,4,5,95018832108
53602001,5,2,92591841905
53603120,1,3,100484510032
53603120,2,7,98672463155
53603120,3,2,92591841905
53603120,4,4,85291031729
53603120,5,1,59491445818
53605800,1,6,110541019924
53605800,2,3,100482847393
53605800,3,7,98672424176
53605800,4,2,92589257425
53605800,5,10,51487674237
53833801,1,6,110542019399
53833801,2,2,92591841905
53833801,3,4,85292356844
53833801,4,1,59492502215
53833801,5,10,51487674237
53900501,1,3,100484496722
53900501,2,7,98673819837
53900501,3,5,95018832108
53900501,4,2,92591841905
53900501,5,1,59492685060
54000520,1,6,110464261179
54000520,2,7,98656137576
54000520,3,5,95018832108
54000520,4,2,92591841905
54000520,5,4,85226314790
54000820,1,3,100483896488
54000820,2,7,98672351916
54000820,3,5,95017066632
54000820,4,10,51487674237
54000820,5,9,49801889642
54003501,1,6,110542208850
54003501,2,3,100484510032
54003501,3,7,98673644514
54003501,4,5,95018534698
54003501,5,10,51487512084
54017601,1,7,98673824793
54017601,2,5,95018792461
54017601,3,2,92591841905
54017601,4,4,85292762690
54017601,5,1,59492661473
54100301,1,5,94947025885
54100301,2,2,92591841905
54100301,3,4,85268001150
54100301,4,1,59464233767
54100301,5,10,51487674237
54100401,1,6,110542381444
54100401,2,3,100484510032
54100401,3,7,98673824793
54100401,4,5,95018813692
54100401,5,2,92591841905
54101101,1,6,110542381444
54101101,2,3,100484507386
54101101,3,7,98673824793
54101101,4,5,95018831387
54101101,5,2,92591841905
54200230,1,6,110542381444
54200230,2,7,98673824793
54200230,3,5,95018820590
54200230,4,4,85292755363
54200230,5,1,59492682386
54500101,1,6,110479281033
54500101,2,3,100484510032
54500101,3,7,98595969742
54500101,4,2,92591841905
54500101,5,4,85292762690
54615801,1,6,110542381444
54615801,2,3,100484504158
54615801,3,2,92591830055
54615801,4,4,85292762690
54615801,5,10,51487674237
54800201,1,6,110542381444
54800201,2,3,100484506349
54800201,3,7,98673824793
54800201,4,5,95018829459
54800201,5,1,59492686342
55300101,1,3,100484510032
55300101,2,7,98673824793
55300101,3,2,92591841905
55300101,4,4,85292446250
55300101,5,1,59492328888
55300301,1,6,110542381444
55300301,2,3,100484356953
55300301,3,2,92591542297
55300301,4,4,85292558140
55300301,5,10,51487674237
55316700,1,6,110421147694
55316700,2,3,100484510032
55316700,3,7,98625081822
55316700,4,5,94921974474
55316700,5,4,85224286976
55325401,1,6,110542380913
55325401,2,3,100484509157
55325401,3,7,98673823589
55325401,4,5,95018832108
55325401,5,10,51487674237
60100101,1,6,110542381444
60100101,2,3,100484510032
60100101,3,7,98673824793
60100101,4,5,95018832108
60100101,5,2,92591841905
60100810,1,3,100484510032
60100810,2,7,98673797264
60100810,3,5,95018802526
60100810,4,2,92591841905
60100810,5,4,85292752650
60102700,1,3,100483238292
60102700,2,7,98673824793
60102700,3,2,92589897983
60102700,4,4,85292762690
60102700,5,1,59490873652
60103101,1,6,110542381444
60103101,2,3,100484510032
60103101,3,7,98673824793
60103101,4,5,95018832108
60103101,5,2,92591841905
60103401,1,6,110542381444
60103401,2,3,100484486323
60103401,3,4,85292762690
60103401,4,1,59492675834
60103401,5,10,51487648773
60105001,1,7,98673712590
60105001,2,5,95018702015
60105001,3,4,85292762690
60105001,4,1,59492579050
60105001,5,10,51487549166
60105501,1,6,110541404946
60105501,2,3,100483830078
60105501,3,7,98673824793
60105501,4,4,85292762690
60105501,5,1,59491624679
60105701,1,6,110533012736
60105701,2,3,100484510032
60105701,3,7,98673824793
60105701,4,4,85260255411
60105701,5,10,51467790722
60105801,1,6,110542381444
60105801,2,3,100484510032
60105801,3,7,98673824793
60105801,4,5,95018832108
60105801,5,2,92591841905
60106101,1,6,110542350863
60106101,2,7,98673782976
60106101,3,5,95018832108
60106101,4,4,85292716994
60106101,5,1,59492632520
60106901,1,6,110542322111
60106901,2,7,98673824793
60106901,3,5,95018775671
60106901,4,2,92591774977
60106901,5,9,49803667869
60107801,1,6,110542380329
60107801,2,7,98673824793
60107801,3,5,95018831698
60107801,4,4,85292760725
60107801,5,10,51487674237
60107901,1,6,110542381444
60107901,2,3,100484510032
60107901,3,7,98673824793
60107901,4,5,95018832108
60107901,5,2,92591841905
60108701,1,6,110542377451
60108701,2,3,100484504127
60108701,3,7,98673824793
60108701,4,4,85292756832
60108701,5,10,51487674237
60108901,1,3,100481990262
60108901,2,7,98671601183
60108901,3,5,95018832108
60108901,4,4,85292762690
60108901,5,1,59490020844
60109201,1,6,110542233751
60109201,2,2,92591841905
60109201,3,4,85292762690
60109201,4,1,59492385569
60109201,5,10,51487384426
60109501,1,3,100480436478
60109501,2,7,98673824793
60109501,3,2,92591841905
60109501,4,4,85282172536
60109501,5,1,59487367999
60110010,1,3,100484510032
60110010,2,5,95018626666
60110010,3,2,92591655752
60110010,4,4,85292582102
60110010,5,1,59492516141
60111001,1,6,110542381444
60111001,2,3,100484510032
60111001,3,7,98673824793
60111001,4,5,95018832108
60111001,5,2,92591841905
60111160,1,3,100340334563
60111160,2,7,98673824793
60111160,3,5,95018832108
60111160,4,2,92468991982
60111160,5,1,59362569884
60111201,1,6,110542381444
60111201,2,3,100484510032
60111201,3,7,98673824793
60111201,4,5,95018832108
60111201,5,2,92591841905
60111501,1,6,110542307625
60111501,2,3,100484415178
60111501,3,7,98673824793
60111501,4,5,95018832108
60111501,5,10,51487674237
60111960,1,3,100484510032
60111960,2,7,98673824793
60111960,3,5,95018832108
60111960,4,2,92590270206
60111960,5,4,85292762690
60113590,1,6,110542381444
60113590,2,3,100484510032
60113590,3,7,98673824793
60113590,4,5,95018832108
60113590,5,2,92591841905
60115360,1,6,110540906919
60115360,2,3,100483358194
60115360,3,7,98673378264
60115360,4,2,92591841905
60115360,5,4,85291620694
60115960,1,6,110542381444
60115960,2,3,100484510032
60115960,3,7,98673824793
60115960,4,5,95018832108
60115960,5,2,92591841905
60116150,1,6,110542346984
60116150,2,3,100484419037
60116150,3,7,98673754298
60116150,4,4,85292762690
60116150,5,9,49803636703
60116360,1,6,110542368792
60116360,2,3,100484487855
60116360,3,4,85292740916
60116360,4,1,59492676277
60116360,5,9,49803711446
60136500,1,6,110542371775
60136500,2,5,95018822964
60136500,3,2,92591830403
60136500,4,1,59492690176
60136500,5,10,51487674237
60165401,1,3,100474052458
60165401,2,7,98673824793
60165401,3,5,95018832108
60165401,4,2,92591841905
60165401,5,4,85292762690
60165501,1,6,110542381444
60165501,2,3,100484510032
60165501,3,7,98673824793
60165501,4,5,95018832108
60165501,5,2,92591841905
60165701,1,6,110542381444
60165701,2,3,100484510032
60165701,3,7,98673824793
60165701,4,5,95018832108
60165701,5,2,92591841905
60201001,1,6,110541386531
60201001,2,2,92591056571
60201001,3,4,85292762690
60201001,4,1,59491909387
60201001,5,10,51487674237
60201101,1,6,110224480546
60201101,2,3,100484510032
60201101,3,5,95018832108
60201101,4,2,92274025079
60201101,5,4,85292762690
60201701,1,6,110542233494
60201701,2,7,98673553431
60201701,3,2,92591738880
60201701,4,4,85292762690
60201701,5,1,59492538414
60202701,1,3,100484510032
60202701,2,7,98672599223
60202701,3,2,92590361376
60202701,4,4,85292318380
60202701,5,1,59492690176
60202801,1,6,110542344248
60202801,2,7,98673736269
60202801,3,4,85292667263
60202801,4,1,59492690176
60202801,5,10,51487674237
60202901,1,6,110542381444
60202901,2,5,95018548730
60202901,3,2,92591841905
60202901,4,4,85292687860
60202901,5,10,51487674237
60203201,1,6,110542381444
60203201,2,3,100484510032
60203201,3,7,98673824793
60203201,4,5,95018832108
60203201,5,2,92591841905
60203601,1,6,110542381444
60203601,2,3,100484510032
60203601,3,7,98673824793
60203601,4,5,95018832108
60203601,5,2,92591841905
60204601,1,3,100481629209
60204601,2,7,98671430552
60204601,3,5,95018832108
60204601,4,2,92590013023
60204601,5,4,85292762690
60204860,1,3,100476113802
60204860,2,5,95018832108
60204860,3,2,92577111888
60204860,4,1,59485940009
60204860,5,10,51487674237
60205230,1,6,110541706571
60205230,2,3,100483778874
60205230,3,7,98673824793
60205230,4,5,95018585891
60205230,5,2,92591841905
60205930,1,6,110542381444
60205930,2,3,100484510032
60205930,3,7,98673824793
60205930,4,5,95018832108
60205930,5,2,92591841905
60206520,1,6,110542381444
60206520,2,3,100484510032
60206520,3,7,98673824793
60206520,4,5,95018832108
60206520,5,2,92591841905
60206660,1,6,110542059427
60206660,2,3,100484100972
60206660,3,4,85292331388
60206660,4,1,59492457027
60206660,5,10,51487674237
60206720,1,6,110540843336
60206720,2,3,100483279409
60206720,3,7,98673092776
60206720,4,2,92591841905
60206720,5,10,51486245419
60206760,1,6,110542300255
60206760,2,3,100484447056
60206760,3,5,95018784862
60206760,4,2,92591841905
60206760,5,4,85292762690
60206860,1,6,110541134500
60206860,2,3,100484510032
60206860,3,2,92591841905
60206860,4,1,59490908636
60206860,5,10,51485926864
60207501,1,6,110542381444
60207501,2,7,98673824793
60207501,3,2,92591833031
60207501,4,4,85292746837
60207501,5,1,59492674035
60207801,1,6,110542166822
60207801,2,7,98673824793
60207801,3,2,92591722465
60207801,4,4,85292559223
60207801,5,1,59492423571
60215700,1,3,100483638355
60215700,2,5,95017393638
60215700,3,2,92590686533
60215700,4,4,85292762690
60215700,5,10,51487140197
60218901,1,3,100306732133
60218901,2,5,94824246971
60218901,3,2,92358565738
60218901,4,4,85292762690
60218901,5,10,51487674237
60300201,1,6,110542315265
60300201,2,3,100484432893
60300201,3,5,95018782344
60300201,4,4,85292762690
60300201,5,1,59492643413
60300950,1,6,110357302841
60300950,2,3,100484510032
60300950,3,5,94905036886
60300950,4,4,85292762690
60300950,5,10,51206304249
60301201,1,6,110542381444
60301201,2,3,100484490666
60301201,3,4,85292731801
60301201,4,1,59492651315
60301201,5,10,51487674237
60301601,1,3,100479438474
60301601,2,7,98673824793
60301601,3,5,95015070919
60301601,4,2,92591841905
60301601,5,4,85292762690
60301901,1,7,98672754147
60301901,2,5,95017569266
60301901,3,4,85292762690
60301901,4,1,59491694725
60301901,5,10,51487674237
60302401,1,6,110542381444
60302401,2,3,100483402352
60302401,3,5,95017866708
60302401,4,2,92591841905
60302401,5,1,59492305423
60302501,1,6,110542381444
60302501,2,3,100484489808
60302501,3,5,95018812211
60302501,4,2,92591841905
60302501,5,1,59492661868
60318101,1,6,110529015905
60318101,2,7,98665387580
60318101,3,5,95004477907
60318101,4,1,59481516257
60318101,5,10,51471563831
60400320,1,6,110542381444
60400320,2,5,95018832108
60400320,3,2,92588357316
60400320,4,4,85288585665
60400320,5,1,59490024967
60401220,1,3,100484510032
60401220,2,7,98673819389
60401220,3,5,95018814787
60401220,4,2,92591836187
60401220,5,4,85292762690
60402201,1,6,110542381444
60402201,2,3,100484510032
60402201,3,7,98673824793
60402201,4,5,95018832108
60402201,5,2,92591841905
60407301,1,6,110542353833
60407301,2,7,98673775477
60407301,3,5,95018782212
60407301,4,2,92591841905
60407301,5,4,85292710286
60407501,1,6,110542378129
60407501,2,7,98673822772
60407501,3,5,95018829596
60407501,4,4,85292760805
60407501,5,10,51487674237
60416701,1,3,100364433352
60416701,2,7,98587650220
60416701,3,5,94887340136
60416701,4,1,59284741733
60416701,5,10,51487674237
60418901,1,3,100484436674
60418901,2,7,98673824793
60418901,3,5,95018793948
60418901,4,1,59492690176
60418901,5,10,51487594300
60500001,1,6,110542381444
60500001,2,7,98673824793
60500001,3,2,92591841905
60500001,4,4,85292762076
60500001,5,1,59492689612
60500101,1,6,110542381444
60500101,2,7,98673797515
60500101,3,5,95018832108
60500101,4,1,59492667434
60500101,5,10,51487656009
60500201,1,6,110542381444
60500201,2,3,100458950483
60500201,3,7,98673824793
60500201,4,5,95008956161
60500201,5,4,85283257801
60500301,1,6,110542379926
60500301,2,3,100484510032
60500301,3,7,98673824793
60500301,4,5,95018832108
60500301,5,2,92591841905
60500401,1,6,110542381444
60500401,2,3,100484510032
60500401,3,7,98673824793
60500401,4,5,95018832108
60500401,5,2,92591841905
60500501,1,3,100484510032
60500501,2,7,98673824259
60500501,3,2,92591841379
60500501,4,4,85292762234
60500501,5,10,51487674237
60500601,1,6,110542381444
60500601,2,7,98673824472
60500601,3,5,95018831636
60500601,4,2,92591841905
60500601,5,4,85292762690
60500701,1,6,110542381444
60500701,2,3,100484510032
60500701,3,7,98673824793
60500701,4,2,92591841905
60500701,5,4,85292761468
60500801,1,6,110537153333
60500801,2,3,100484510032
60500801,3,7,98673824793
60500801,4,5,95014574456
60500801,5,1,59487719188
60500901,1,6,110542381444
60500901,2,3,100484510032
60500901,3,7,98673824793
60500901,4,5,95018832108
60500901,5,2,92591841905
60501001,1,6,110542381444
60501001,2,3,100484510032
60501001,3,7,98673824793
60501001,4,5,95018832108
60501001,5,2,92591841905
60600201,1,6,110542381444
60600201,2,3,100484510032
60600201,3,7,98673824793
60600201,4,5,95018832108
60600201,5,2,92591841905
60600360,1,7,98673824793
60600360,2,5,94998509673
60600360,3,4,85253075144
60600360,4,1,59479921393
60600360,5,10,51487674237
60600501,1,7,98673824793
60600501,2,5,95018832108
60600501,3,2,92591841905
60600501,4,4,85292422956
60600501,5,1,59492690176
60600701,1,6,110542376549
60600701,2,7,98673821396
60600701,3,2,92591837613
60600701,4,4,85292762690
60600701,5,1,59492685041
60602301,1,6,110542381444
60602301,2,3,100381102154
60602301,3,7,98573565663
60602301,4,4,85174836019
60602301,5,9,49741445057
60701300,1,6,110529585649
60701300,2,7,98661684016
60701300,3,5,95004013248
60701300,4,4,85292762690
60701300,5,10,51487674237
60701701,1,6,110541617762
60701701,2,3,100483997257
60701701,3,7,98673824793
60701701,4,5,95018832108
60701701,5,4,85291936574
60703001,1,7,98673824793
60703001,2,5,95018603886
60703001,3,2,92591841905
60703001,4,4,85292581426
60703001,5,1,59492519722
60705201,1,6,110542381444
60705201,2,3,100484510032
60705201,3,7,98673824793
60705201,4,5,95018832108
60705201,5,2,92591841905
60705901,1,3,100484510032
60705901,2,7,98673824793
60705901,3,5,94913995681
60705901,4,2,92591841905
60705901,5,4,85216498294
60706030,1,6,110384019366
60706030,2,7,98534393469
60706030,3,5,94978467596
60706030,4,4,85292762690
60706030,5,10,51487674237
60706101,1,3,99780475968
60706101,2,5,95018832108
60706101,3,4,84540227364
60706101,4,1,58882995661
60706101,5,10,51487674237
60706301,1,7,98596087134
60706301,2,5,94947257908
60706301,3,2,92496181312
60706301,4,4,85230762926
60706301,5,9,49705115607
60706401,1,6,110522423634
60706401,2,3,100484510032
60706401,3,4,85265554759
60706401,4,1,59492690176
60706401,5,10,51487674237
60707801,1,6,110542381444
60707801,2,7,98673703021
60707801,3,2,92591685828
60707801,4,1,59492519506
60707801,5,10,51487555350
60708301,1,6,110542381444
60708301,2,3,100484475186
60708301,3,7,98673786880
60708301,4,1,59492652507
60708301,5,10,51487674237
60708520,1,6,110541911372
60708520,2,3,100484217783
60708520,3,4,85292473051
60708520,4,10,51487290827
60708520,5,9,49803711446
60708601,1,6,110542381444
60708601,2,5,95018758051
60708601,3,4,85292762690
60708601,4,1,59492602291
60708601,5,10,51487642211
60709601,1,3,100484476875
60709601,2,7,98673824793
60709601,3,2,92591841905
60709601,4,1,59492665952
60709601,5,10,51487639104
60709701,1,6,110542376894
60709701,2,3,100484510032
60709701,3,7,98673810235
60709701,4,4,85292757645
60709701,5,9,49803697171
60710050,1,6,110542381444
60710050,2,3,100484408729
60710050,3,5,95018832108
60710050,4,2,92591841905
60710050,5,4,85292762690
60710201,1,6,110542381444
60710201,2,3,100484510032
60710201,3,7,98673824793
60710201,4,5,94997691432
60710201,5,2,92591841905
60710550,1,5,95018268589
60710550,2,2,92591497808
60710550,3,4,85292762690
60710550,4,1,59492187182
60710550,5,10,51487266494
60711701,1,6,110542381444
60711701,2,7,98673760415
60711701,3,2,92591841905
60711701,4,4,85292721501
60711701,5,1,59492597083
60713001,1,5,93214007641
60713001,2,2,89611253998
60713001,3,4,85292762690
60713001,4,1,57329698609
60713001,5,10,49723530676
60713501,1,3,100427724526
60713501,2,2,92554903127
60713501,3,4,85292762690
60713501,4,1,59492690176
60713501,5,10,51469366546
60715201,1,6,110542381444
60715201,2,3,100484510032
60715201,3,7,98673824793
60715201,4,5,95018832108
60715201,5,2,92591841905
60716601,1,6,110542381444
60716601,2,3,100484510032
60716601,3,7,98673824793
60716601,4,5,95018832108
60716601,5,2,92591841905
60717801,1,6,110542381444
60717801,2,3,100484510032
60717801,3,7,98673824793
60717801,4,5,95018832108
60717801,5,2,92591841905
60719800,1,6,110542381444
60719800,2,3,100484510032
60719800,3,7,98673824793
60719800,4,5,95018832108
60719800,5,2,92591841905
60725201,1,6,110542381444
60725201,2,3,100483648402
60725201,3,7,98673824793
60725201,4,5,95018832108
60725201,5,2,92591841905
60726001,1,6,110541900279
60726001,2,3,100484201941
60726001,3,2,92591568825
60726001,4,4,85292422239
60726001,5,1,59492690176
60757801,1,6,110542381444
60757801,2,3,100484510032
60757801,3,7,98673824793
60757801,4,5,94582828282
60757801,5,2,92459479118
60757901,1,6,110542330402
60757901,2,3,100484447259
60757901,3,5,95018832108
60757901,4,2,92591841905
60757901,5,1,59492652002
60758101,1,6,110542381444
60758101,2,3,100484510032
60758101,3,7,98673824793
60758101,4,2,92591841905
60758101,5,4,85292730163
60758201,1,3,100384634826
60758201,2,7,98601538826
60758201,3,5,95018832108
60758201,4,4,85292762690
60758201,5,1,59436208940
60758301,1,7,98673806226
60758301,2,5,95018803356
60758301,3,2,92591810537
60758301,4,4,85292762690
60758301,5,1,59492666059
60758401,1,3,100484435287
60758401,2,5,95018757569
60758401,3,1,59492567721
60758401,4,10,51487674237
60758401,5,9,49803631540
60800230,1,3,100484300340
60800230,2,2,92591623294
60800230,3,4,85292635044
60800230,4,1,59492632826
60800230,5,10,51487674237
60900301,1,6,110542381444
60900301,2,3,100484510032
60900301,3,7,98673824793
60900301,4,5,95018832108
60900301,5,2,92591841905
60900401,1,6,110542381444
60900401,2,3,100484510032
60900401,3,7,98673824793
60900401,4,5,95018832108
60900401,5,2,92591691311
60900501,1,6,110542381444
60900501,2,3,100484510032
60900501,3,7,98673824793
60900501,4,5,95018832108
60900501,5,2,92591841905
60900630,1,6,110541361091
60900630,2,3,100484510032
60900630,3,5,95018832108
60900630,4,2,92591841905
60900630,5,1,59492088317
60900701,1,6,110542381444
60900701,2,3,100484510032
60900701,3,7,98673821683
60900701,4,5,95018827431
60900701,5,2,92591841905
60900801,1,6,110542381444
60900801,2,3,100484510032
60900801,3,7,98673824793
60900801,4,5,95018832108
60900801,5,2,92591841905
60900901,1,6,110542381444
60900901,2,3,100484510032
60900901,3,7,98673824793
60900901,4,5,95018832108
60900901,5,2,92591841905
60904101,1,6,110542381444
60904101,2,3,100484510032
60904101,3,7,98673824793
60904101,4,2,92591841905
60904101,5,4,85292762690
60904701,1,6,110542381444
60904701,2,3,100484495306
60904701,3,7,98673813797
60904701,4,5,95018826744
60904701,5,2,92591841905
60906501,1,6,110541814221
60906501,2,3,100484510032
60906501,3,4,85292052301
60906501,4,1,59492082265
60906501,5,10,51487674237
60906701,1,6,110542381444
60906701,2,3,100484436374
60906701,3,5,95018832108
60906701,4,2,92591841905
60906701,5,4,85292762690
60917301,1,6,110542371638
60917301,2,5,95018822506
60917301,3,2,92591841905
60917301,4,4,85292762690
60917301,5,1,59492682482
60918901,1,6,110542381444
60918901,2,3,100484510032
60918901,3,7,98673824793
60918901,4,5,95018832108
60918901,5,2,92591841905
61000230,1,6,110542381444
61000230,2,7,98673824793
61000230,3,5,95012938559
61000230,4,2,92585438396
61000230,5,4,85292762690
61000660,1,3,100484059364
61000660,2,5,95018485513
61000660,3,2,92591551848
61000660,4,1,59492368210
61000660,5,10,51487674237
61001001,1,3,100484179760
61001001,2,7,98673824793
61001001,3,5,95018389330
61001001,4,2,92591841905
61001001,5,1,59492379700
61005801,1,6,110542216513
61005801,2,7,98673647072
61005801,3,5,95018598173
61005801,4,4,85292762690
61005801,5,10,51487674237
61017001,1,6,110542325052
61017001,2,5,95018794175
61017001,3,1,59492628353
61017001,4,10,51487613903
61017001,5,9,49803651168
61017101,1,6,110542374991
61017101,2,7,98673824793
61017101,3,5,95018826328
61017101,4,2,92591841905
61017101,5,4,85292753583
61105901,1,6,110542381444
61105901,2,5,95018489890
61105901,3,2,92591276875
61105901,4,4,85292433265
61105901,5,1,59492690176
61107601,1,6,110411372016
61107601,2,3,100388974025
61107601,3,7,98534121794
61107601,4,2,92591841905
61107601,5,4,85292762690
61114301,1,6,110542318724
61114301,2,5,95018744121
61114301,3,2,92591841905
61114301,4,4,85292762690
61114301,5,1,59492571519
61116701,1,3,100481351272
61116701,2,7,98673824793
61116701,3,2,92588347916
61116701,4,4,85292762690
61116701,5,1,59491775095
61200101,1,6,110542129676
61200101,2,3,100484017738
61200101,3,2,92590997425
61200101,4,4,85291977740
61200101,5,1,59491975950
61400140,1,6,110542381444
61400140,2,3,100338857495
61400140,3,7,98673824793
61400140,4,2,92537698130
61400140,5,1,59367541923
61400501,1,7,98673595751
61400501,2,5,95018832108
61400501,3,4,85292762690
61400501,4,1,59492458161
61400501,5,10,51487674237
61403501,1,6,110542381444
61403501,2,3,100484510032
61403501,3,7,98673824793
61403501,4,5,95018832108
61403501,5,2,92591841905
61405440,1,6,110542381444
61405440,2,7,98673684828
61405440,3,5,95018832108
61405440,4,2,92591710085
61405440,5,10,51487674237
61406900,1,6,110542381444
61406900,2,3,100484510032
61406900,3,7,98673824793
61406900,4,5,95018832108
61406900,5,2,92591841905
61409801,1,6,110542381444
61409801,2,3,100484510032
61409801,3,7,98673824793
61409801,4,5,95018832108
61409801,5,2,92591841905
61416100,1,6,110533474317
61416100,2,3,100484510032
61416100,3,2,92584320736
61416100,4,4,85292762690
61416100,5,1,59487556787
61416401,1,6,110541840473
61416401,2,3,100483801282
61416401,3,7,98672830978
61416401,4,5,95018045748
61416401,5,1,59492690176
61424601,1,6,110542381444
61424601,2,3,100484510032
61424601,3,7,98673824793
61424601,4,5,95018832108
61424601,5,2,92591841905
61434600,1,6,110542381444
61434600,2,3,100484510032
61434600,3,7,98673824793
61434600,4,5,95018832108
61434600,5,2,92591841905
61434701,1,6,110542281517
61434701,2,7,98673824793
61434701,3,5,95018725626
61434701,4,2,92591755314
61434701,5,10,51487617795
61500601,1,6,110542381444
61500601,2,3,100484510032
61500601,3,7,98673824793
61500601,4,5,95018832108
61500601,5,2,92591841905
61500701,1,6,110541732109
61500701,2,2,92591244722
61500701,3,4,85291979055
61500701,4,10,51487080365
61500701,5,9,49802444249
61505801,1,6,110541315299
61505801,2,3,100484510032
61505801,3,7,98672571717
61505801,4,5,95018196865
61505801,5,1,59492690176
61602001,1,6,110542265046
61602001,2,7,98673824793
61602001,3,5,95018832108
61602001,4,2,92591841905
61602001,5,4,85292657399
61604101,1,3,100484509642
61604101,2,2,92591841531
61604101,3,4,85292762690
61604101,4,1,59492689851
61604101,5,9,49803711234
61616100,1,6,110542381444
61616100,2,3,100484510032
61616100,3,7,98673824793
61616100,4,5,95018832108
61616100,5,2,92591841905
61617001,1,6,110542381444
61617001,2,3,100484510032
61617001,3,7,98673824793
61617001,4,4,85292761631
61617001,5,1,59492688239
61617101,1,6,110542381444
61617101,2,3,100484510032
61617101,3,7,98673824793
61617101,4,5,95018832108
61617101,5,2,92591841905
61617201,1,3,100484509404
61617201,2,7,98673824793
61617201,3,2,92591841422
61617201,4,4,85292762047
61617201,5,1,59492689462
61700220,1,6,110541739029
61700220,2,2,92591841905
61700220,3,4,85292183630
61700220,4,1,59492040309
61700220,5,10,51487674237
61700801,1,7,98661256947
61700801,2,5,94998350560
61700801,3,2,92580047616
61700801,4,4,85279891030
61700801,5,10,51487674237
61700901,1,6,110542381444
61700901,2,3,100484510032
61700901,3,7,98673824793
61700901,4,5,95018832108
61700901,5,2,92591841905
61800301,1,6,110541478999
61800301,2,3,100484510032
61800301,3,7,98673410425
61800301,4,2,92591841905
61800301,5,4,85291925868
61800601,1,6,110542381444
61800601,2,3,100484437261
61800601,3,2,92591841905
61800601,4,4,85292704145
61800601,5,10,51487674237
61801401,1,6,110542381444
61801401,2,3,100474782076
61801401,3,5,95018832108
61801401,4,4,85292762690
61801401,5,1,59492690176
61801650,1,3,100484489764
61801650,2,7,98673809407
61801650,3,4,85292743652
61801650,4,1,59492684401
61801650,5,10,51487674237
61801801,1,3,100484085277
61801801,2,7,98673824793
61801801,3,5,95018832108
61801801,4,2,92591841905
61801801,5,4,85292762690
61900110,1,6,110146995063
61900110,2,3,100046030847
61900110,3,7,98263526627
61900110,4,5,95018832108
61900110,5,9,49395389781
61901301,1,6,110542381444
61901301,2,3,100484510032
61901301,3,7,98673824793
61901301,4,5,95018832108
61901301,5,2,92591841905
61901401,1,6,110542330982
61901401,2,7,98673764423
61901401,3,2,92591817650
61901401,4,4,85292696917
61901401,5,10,51487642968
61915701,1,6,110542381444
61915701,2,3,100484510032
61915701,3,7,98673824793
61915701,4,5,95018832108
61915701,5,2,92591841905
62000001,1,3,100484510032
62000001,2,5,95018740626
62000001,3,4,85292639067
62000001,4,1,59492648690
62000001,5,10,51487674237
62201801,1,6,110542257503
62201801,2,3,100484510032
62201801,3,7,98673735670
62201801,4,5,95018630371
62201801,5,2,92591704784
62400001,1,6,110542381444
62400001,2,3,100484510032
62400001,3,7,98673824793
62400001,4,5,95018832108
62400001,5,2,92591841905
62700001,1,6,110542381444
62700001,2,3,100484510032
62700001,3,7,98673824793
62700001,4,5,95018832108
62700001,5,2,92591841905
62700101,1,6,110542314945
62700101,2,3,100484510032
62700101,3,4,85292762690
62700101,4,1,59492613214
62700101,5,10,51487674237
62700201,1,6,110542381444
62700201,2,3,100484461255
62700201,3,7,98673824793
62700201,4,2,92591841905
62700201,5,1,59492633550
62700301,1,6,110542381444
62700301,2,3,100484510032
62700301,3,7,98673824793
62700301,4,5,95018832108
62700301,5,2,92591841905
62700401,1,6,110542381444
62700401,2,3,100484510032
62700401,3,7,98673824793
62700401,4,5,95018832108
62700401,5,2,92591841905
62700501,1,6,110542381444
62700501,2,3,100484510032
62700501,3,7,98673824793
62700501,4,5,95018832108
62700501,5,2,92591841905
62700601,1,3,100484510032
62700601,2,2,92591814463
62700601,3,4,85292762690
62700601,4,1,59492660702
62700601,5,10,51487646222
62700701,1,3,100484504644
62700701,2,2,92591835477
62700701,3,1,59492686874
62700701,4,10,51487674237
62700701,5,9,49803705132
62900201,1,3,100484505384
62900201,2,7,98673821141
62900201,3,2,92591841905
62900201,4,1,59492685563
62900201,5,10,51487674237
64200101,1,6,110542381444
64200101,2,3,100484510032
64200101,3,7,98673824793
64200101,4,5,95018832108
64200101,5,2,92591841905
66116001,1,6,110542381444
66116001,2,3,100484510032
66116001,3,7,98673824793
66116001,4,5,95018832108
66116001,5,2,92591841905
70100110,1,3,100484510032
70100110,2,5,95018451463
70100110,3,2,92591841905
70100110,4,4,85292562664
70100110,5,1,59492690176
70100520,1,3,100484312278
70100520,2,7,98673691116
70100520,3,2,92591672612
70100520,4,1,59492495265
70100520,5,10,51487546257
70101220,1,6,110542381444
70101220,2,3,100484510032
70101220,3,7,98673824793
70101220,4,5,95018832108
70101220,5,2,92591841905
70101510,1,6,110542381444
70101510,2,3,100483926509
70101510,3,5,95018293221
70101510,4,4,85292095187
70101510,5,10,51487075979
70102001,1,3,100226334173
70102001,2,2,92397684294
70102001,3,4,85292762690
70102001,4,1,59418143079
70102001,5,10,51487674237
70102101,1,7,98673824793
70102101,2,5,95018797795
70102101,3,2,92591841905
70102101,4,4,85292710598
70102101,5,1,59492690176
70102301,1,6,110541719099
70102301,2,3,100483963311
70102301,3,4,85292762690
70102301,4,1,59491734331
70102301,5,10,51487674237
70102701,1,6,110542381444
70102701,2,3,100484510032
70102701,3,7,98673824793
70102701,4,5,95018832108
70102701,5,2,92591841905
70103601,1,7,98673801073
70103601,2,5,95018805174
70103601,3,2,92591841905
70103601,4,10,51487663494
70103601,5,9,49803691699
70103701,1,6,110209291148
70103701,2,7,98673824793
70103701,3,5,94541867830
70103701,4,2,92097791316
70103701,5,1,58955851268
70103801,1,6,110542381444
70103801,2,3,100484510032
70103801,3,7,98673824793
70103801,4,5,95018832108
70103801,5,2,92591841905
70104401,1,3,100484464644
70104401,2,7,98673824793
70104401,3,5,95018787931
70104401,4,2,92591841905
70104401,5,1,59492641033
70104790,1,3,100483910144
70104790,2,7,98673543233
70104790,3,5,95018254453
70104790,4,2,92591841905
70104790,5,4,85291987559
70104901,1,6,110542369288
70104901,2,5,95018787456
70104901,3,4,85292741316
70104901,4,10,51487674237
70104901,5,9,49803694480
70105000,1,6,110542381444
70105000,2,3,100484510032
70105000,3,7,98673824793
70105000,4,5,95018832108
70105000,5,2,92591841905
70105200,1,6,110541009297
70105200,2,3,100482899717
70105200,3,5,95017154806
70105200,4,1,59491626111
70105200,5,10,51486557243
70105701,1,6,110542279757
70105701,2,7,98673653452
70105701,3,5,95018775616
70105701,4,1,59492542578
70105701,5,10,51487674237
70105801,1,6,110542292293
70105801,2,3,100484431675
70105801,3,7,98673760977
70105801,4,5,95018781057
70105801,5,4,85292762690
70106101,1,6,110542381444
70106101,2,3,100484510032
70106101,3,7,98673824793
70106101,4,5,95018832108
70106101,5,2,92581289822
70106501,1,6,110542381014
70106501,2,7,98673824644
70106501,3,5,95018831728
70106501,4,4,85292762690
70106501,5,10,51487674237
70107001,1,6,110542310930
70107001,2,3,100484414540
70107001,3,7,98673777279
70107001,4,4,85292677320
70107001,5,9,49803623050
70107701,1,6,110519755314
70107701,2,7,98617982247
70107701,3,2,92535281081
70107701,4,1,59431434951
70107701,5,10,51487674237
70108560,1,3,94216722794
70108560,2,5,91500581469
70108560,3,4,78555175655
70108560,4,1,53048559591
70108560,5,10,51487674237
70109001,1,6,110542381444
70109001,2,3,100484510032
70109001,3,7,98673824793
70109001,4,5,95018832108
70109001,5,2,92591841905
70109601,1,6,110542381444
70109601,2,3,100484510032
70109601,3,7,98673824793
70109601,4,5,95018832108
70109601,5,2,92591841905
70110501,1,6,110542381444
70110501,2,3,100484510032
70110501,3,7,98673824793
70110501,4,5,95018832108
70110501,5,4,85292762690
70110660,1,7,98673824793
70110660,2,5,95018603867
70110660,3,2,92591841905
70110660,4,4,85292762690
70110660,5,1,59492464914
70111301,1,6,110389521229
70111301,2,3,100321593001
70111301,3,2,92591841905
70111301,4,4,85138554659
70111301,5,1,59368717726
70111401,1,6,110542376008
70111401,2,3,100484510032
70111401,3,7,98673822429
70111401,4,2,92591841905
70111401,5,4,85292762690
70111501,1,3,100484510032
70111501,2,7,98673819613
70111501,3,2,92591834838
70111501,4,4,85292758221
70111501,5,1,59492686774
70111601,1,6,110542381444
70111601,2,3,100484510032
70111601,3,7,98673824793
70111601,4,5,95018832108
70111601,5,2,92591841905
70111701,1,6,110542381444
70111701,2,3,100484510032
70111701,3,7,98672691275
70111701,4,5,95018832108
70111701,5,2,92590506860
70112101,1,6,110542381444
70112101,2,7,98673824793
70112101,3,5,95018179497
70112101,4,2,92591128793
70112101,5,10,51486867975
70112301,1,6,110542381444
70112301,2,3,100484510032
70112301,3,7,98673824793
70112301,4,5,95018832108
70112301,5,2,92590859155
70112501,1,6,110542380720
70112501,2,3,100484510032
70112501,3,7,98673824186
70112501,4,2,92591841905
70112501,5,10,51487674237
70113501,1,6,110537425544
70113501,2,3,100475172349
70113501,3,7,98673824793
70113501,4,2,92582428178
70113501,5,10,51487674237
70113701,1,6,110542381444
70113701,2,3,100484510032
70113701,3,7,98673824793
70113701,4,5,95018832108
70113701,5,2,92591841905
70116401,1,3,100484510032
70116401,2,7,98673824793
70116401,3,5,95018565691
70116401,4,4,85292411509
70116401,5,1,59492426591
70116700,1,6,110521109453
70116700,2,5,94999921653
70116700,3,4,85292762690
70116700,4,1,59483088984
70116700,5,10,51479227606
70116901,1,6,110542151639
70116901,2,3,100484095274
70116901,3,7,98673445804
70116901,4,2,92591841905
70116901,5,1,59492690176
70119600,1,6,110542381444
70119600,2,3,100484510032
70119600,3,7,98673824793
70119600,4,5,95018832108
70119600,5,2,92591841905
70119901,1,6,110542381444
70119901,2,3,100484510032
70119901,3,7,98673824793
70119901,4,5,95018832108
70119901,5,2,92591841905
70120910,1,6,110542381444
70120910,2,3,100484510032
70120910,3,7,98673274211
70120910,4,2,92591210887
70120910,5,10,51487674237
70122250,1,6,110542381444
70122250,2,3,100484510032
70122250,3,7,98673824793
70122250,4,5,95018832108
70122250,5,2,92591841905
70125201,1,6,110542381444
70125201,2,3,100484510032
70125201,3,7,98673824793
70125201,4,5,95018832108
70125201,5,2,92591841905
70125301,1,6,110542282344
70125301,2,3,100484510032
70125301,3,5,95018714080
70125301,4,2,92591841905
70125301,5,10,51487601097
70125501,1,6,110542345682
70125501,2,2,92591841905
70125501,3,4,85292731859
70125501,4,1,59492604580
70125501,5,10,51487674237
70126901,1,6,110542381444
70126901,2,3,100484510032
70126901,3,7,98673824793
70126901,4,5,95018832108
70126901,5,2,92591841905
70127301,1,6,110542167491
70127301,2,3,100484277092
70127301,3,5,95018536008
70127301,4,4,85292762690
70127301,5,10,51487420410
70130050,1,6,110541894252
70130050,2,3,100483691366
70130050,3,5,95018272374
70130050,4,10,51487674237
70130050,5,9,49803143229
70131200,1,6,110529553573
70131200,2,7,98658406042
70131200,3,2,92568713402
70131200,4,1,59483075347
70131200,5,10,51480510870
70132520,1,6,110542178917
70132520,2,7,98673824793
70132520,3,5,95018832108
70132520,4,2,92591734892
70132520,5,1,59492596210
70132830,1,6,110484721670
70132830,2,3,100404546348
70132830,3,7,98625960706
70132830,4,2,92509947426
70132830,5,4,85292762690
70133610,1,3,100484339756
70133610,2,7,98673730230
70133610,3,5,95018632742
70133610,4,2,92591841905
70133610,5,10,51487527514
70135010,1,6,110542381444
70135010,2,3,100484510032
70135010,3,7,98673824793
70135010,4,5,95018832108
70135010,5,2,92591841905
70137001,1,6,110397217951
70137001,2,3,100484510032
70137001,3,7,98438360403
70137001,4,4,85158080651
70137001,5,10,51487674237
70137301,1,6,110542381444
70137301,2,3,100484510032
70137301,3,7,98673824793
70137301,4,5,95018832108
70137301,5,2,92591841905
70137801,1,6,110542345583
70137801,2,3,100484510032
70137801,3,7,98673824793
70137801,4,5,95018832108
70137801,5,4,85292762690
70138230,1,3,100484510032
70138230,2,7,98673464743
70138230,3,5,95018832108
70138230,4,4,85292202402
70138230,5,1,59492441546
70139301,1,6,110541944980
70139301,2,3,100484510032
70139301,3,2,92591459700
70139301,4,4,85292216609
70139301,5,1,59492690176
70139500,1,6,110542362853
70139500,2,3,100484474010
70139500,3,5,95018832108
70139500,4,2,92591841905
70139500,5,4,85292762690
70141110,1,3,100484510032
70141110,2,7,98673824793
70141110,3,5,94985269656
70141110,4,1,59445761190
70141110,5,10,51487674237
70141220,1,7,98672298862
70141220,2,5,95018832108
70141220,3,2,92591841905
70141220,4,4,85292762690
70141220,5,1,59491220413
70141901,1,6,110542381444
70141901,2,3,100484510032
70141901,3,7,98673824793
70141901,4,5,95018832108
70141901,5,2,92591841905
70142450,1,6,110541031512
70142450,2,2,92591199576
70142450,3,1,59492183640
70142450,4,10,51486398651
70142450,5,9,49802359348
70143050,1,6,110542381444
70143050,2,3,100484510032
70143050,3,7,98673824793
70143050,4,5,95018832108
70143050,5,2,92591841905
70143450,1,6,110542381444
70143450,2,3,100484510032
70143450,3,7,98673824793
70143450,4,5,95018832108
70143450,5,2,92591841905
70148201,1,6,110542359824
70148201,2,3,100484499315
70148201,3,7,98673824793
70148201,4,5,95018804138
70148201,5,2,92591841905
70158001,1,6,110542381444
70158001,2,3,100484510032
70158001,3,7,98673824793
70158001,4,5,95018832108
70158001,5,2,92591841905
70159901,1,6,110542373607
70159901,2,7,98673817334
70159901,3,4,85292758039
70159901,4,1,59492684485
70159901,5,9,49803706599
70176701,1,6,110542381444
70176701,2,3,100484510032
70176701,3,7,98673824793
70176701,4,5,95018832108
70176701,5,2,92591841905
70176801,1,6,110542381444
70176801,2,3,100484510032
70176801,3,7,98673824793
70176801,4,5,95018832108
70176801,5,2,92591841905
70176901,1,3,100484510032
70176901,2,7,98673813620
70176901,3,5,95018832108
70176901,4,2,92591819990
70176901,5,1,59492671741
70201750,1,6,110542166190
70201750,2,7,98673571272
70201750,3,5,95018586904
70201750,4,4,85292421975
70201750,5,9,49803413847
70202510,1,6,110542381444
70202510,2,3,100484510032
70202510,3,7,98673824793
70202510,4,5,95018832108
70202510,5,2,92591841905
70203101,1,6,110542321083
70203101,2,3,100484476086
70203101,3,7,98673778713
70203101,4,10,51487644699
70203101,5,9,49803711446
70203401,1,6,110542381444
70203401,2,3,100484510032
70203401,3,7,98673824793
70203401,4,5,95018832108
70203401,5,2,92591841905
70205800,1,6,110542378739
70205800,2,5,95018829430
70205800,3,2,92591841333
70205800,4,1,59492688803
70205800,5,10,51487671801
70206001,1,7,98673824793
70206001,2,5,95002908592
70206001,3,4,85267678286
70206001,4,10,51457944531
70206001,5,9,49786717286
70206501,1,3,100484510032
70206501,2,7,98673824793
70206501,3,5,94979437772
70206501,4,2,92548257895
70206501,5,1,59492690176
70209901,1,6,110542381444
70209901,2,3,100484510032
70209901,3,7,98673824793
70209901,4,5,95018832108
70209901,5,2,92591841905
70210001,1,3,100424401464
70210001,2,7,98637532973
70210001,3,5,94973894605
70210001,4,1,59445089540
70210001,5,9,49780110626
70210501,1,6,110542381444
70210501,2,7,98673824793
70210501,3,2,92591841905
70210501,4,4,85292762690
70210501,5,1,59492609423
70216601,1,6,110542381444
70216601,2,3,100484510032
70216601,3,7,98673824793
70216601,4,5,95018832108
70216601,5,2,92591841905
70217301,1,3,99380567518
70217301,2,7,98673824793
70217301,3,2,91685126957
70217301,4,4,85292762690
70217301,5,1,58534116707
70218901,1,6,110542381444
70218901,2,3,100484510032
70218901,3,7,98673824793
70218901,4,2,92591838618
70218901,5,4,85292762690
70219720,1,6,110542381444
70219720,2,3,100484510032
70219720,3,7,98673824793
70219720,4,5,95018832108
70219720,5,2,92591841905
70220010,1,7,98673494975
70220010,2,5,95018561065
70220010,3,2,92591568549
70220010,4,1,59492226495
70220010,5,10,51487232639
70226700,1,6,110541681235
70226700,2,5,95018832108
70226700,3,2,92591324538
70226700,4,4,85292762690
70226700,5,10,51487674237
70227201,1,6,110541952821
70227201,2,3,100484241673
70227201,3,2,92591488945
70227201,4,4,85292240487
70227201,5,1,59492690176
70237801,1,3,100484497232
70237801,2,5,95018832108
70237801,3,2,92591832730
70237801,4,1,59492684339
70237801,5,10,51487674237
70267001,1,6,110541873930
70267001,2,3,100483845941
70267001,3,7,98673824793
70267001,4,4,85292456640
70267001,5,1,59492690176
70277001,1,6,110542381444
70277001,2,7,98673824793
70277001,3,5,95018832108
70277001,4,2,92340258839
70277001,5,1,59138177968
70277101,1,6,110354801737
70277101,2,7,98287034071
70277101,3,2,92591841905
70277101,4,4,85292762690
70277101,5,10,51158092446
70307901,1,6,110542381444
70307901,2,3,100484510032
70307901,3,7,98673824793
70307901,4,5,95018832108
70307901,5,2,92591841905
70400701,1,6,110332629073
70400701,2,3,100484510032
70400701,3,5,94867449088
70400701,4,2,92461101240
70400701,5,1,59272063438
70401701,1,3,100477935065
70401701,2,7,98660471763
70401701,3,5,95009262598
70401701,4,1,59486050969
70401701,5,10,51477043656
70401901,1,6,110542381444
70401901,2,3,100484510032
70401901,3,7,98673824793
70401901,4,5,95018832108
70401901,5,2,92591841905
70483301,1,5,95017387851
70483301,2,2,92590400462
70483301,3,4,85291140966
70483301,4,1,59492234748
70483301,5,10,51486389051
70501340,1,6,110163882250
70501340,2,7,98673824793
70501340,3,5,94740271301
70501340,4,4,84922401516
70501340,5,9,49514868886
70501701,1,6,110542381444
70501701,2,3,100484510032
70501701,3,7,98673824793
70501701,4,5,95018832108
70501701,5,2,92591841905
70502001,1,6,110541499764
70502001,2,2,92591841905
70502001,3,4,85292187377
70502001,4,10,51486903121
70502001,5,9,49802979843
70502201,1,7,98673824793
70502201,2,5,95018632238
70502201,3,2,92591841905
70502201,4,4,85292762690
70502201,5,1,59492496446
70502410,1,6,110542381444
70502410,2,3,100484498651
70502410,3,7,98673824793
70502410,4,5,95018819564
70502410,5,4,85292757767
70504001,1,6,110542381444
70504001,2,3,100484510032
70504001,3,7,98673824793
70504001,4,5,95018832108
70504001,5,2,92591841905
70504301,1,6,110542381444
70504301,2,3,100484510032
70504301,3,7,98673824793
70504301,4,5,95018832108
70504301,5,2,92591841905
70504401,1,6,110542050386
70504401,2,3,100484510032
70504401,3,7,98673824793
70504401,4,2,92591841905
70504401,5,4,85292325037
70505101,1,6,110542381444
70505101,2,3,100484510032
70505101,3,7,98673824793
70505101,4,5,95018832108
70505101,5,2,92591841905
70505501,1,6,110542381444
70505501,2,3,100448483795
70505501,3,7,98673824793
70505501,4,5,95018832108
70505501,5,4,85265396059
70507001,1,6,110542341268
70507001,2,3,100484479167
70507001,3,7,98673800003
70507001,4,5,95018832108
70507001,5,4,85292762690
70507101,1,6,110542381444
70507101,2,3,100484510032
70507101,3,7,98673824793
70507101,4,5,95018832108
70507101,5,2,92591841905
70507201,1,7,98673824793
70507201,2,5,95018821915
70507201,3,4,85292747885
70507201,4,10,51487655708
70507201,5,9,49803695825
70507501,1,3,100479727854
70507501,2,7,98667565200
70507501,3,2,92591841905
70507501,4,4,85288812144
70507501,5,10,51480067899
70508001,1,6,110351310603
70508001,2,3,100411904167
70508001,3,7,98673824793
70508001,4,5,94890615589
70508001,5,4,85292762690
70508201,1,7,98209948270
70508201,2,5,94683257690
70508201,3,2,92591841905
70508201,4,4,84857100235
70508201,5,1,59492690176
70509101,1,6,110542229767
70509101,2,7,98673824793
70509101,3,5,95018421033
70509101,4,4,85292594804
70509101,5,1,59492690176
70509201,1,6,110542368216
70509201,2,7,98673824793
70509201,3,2,92591826858
70509201,4,4,85292740211
70509201,5,10,51487642643
70510201,1,6,110542381444
70510201,2,3,100484510032
70510201,3,7,98673824793
70510201,4,5,95018832108
70510201,5,2,92591841905
70510701,1,6,110313500876
70510701,2,5,94572080865
70510701,3,4,85292762690
70510701,4,10,51281443601
70510701,5,9,49685286416
70511901,1,6,110542134830
70511901,2,3,100484510032
70511901,3,7,98673550833
70511901,4,2,92591841905
70511901,5,4,85292762690
70512901,1,6,110542366607
70512901,2,7,98673755044
70512901,3,5,95018745246
70512901,4,4,85292731377
70512901,5,1,59492690176
70513101,1,6,110508299077
70513101,2,3,100435176891
70513101,3,7,98665061055
70513101,4,4,85255382086
70513101,5,1,59492690176
70513420,1,6,110542381444
70513420,2,3,100484510032
70513420,3,7,98673824793
70513420,4,5,95018832108
70513420,5,2,92591841905
70513501,1,6,110542381444
70513501,2,3,100484510032
70513501,3,7,98673824793
70513501,4,5,95018832108
70513501,5,2,92591841905
70513701,1,3,100484425443
70513701,2,7,98673694934
70513701,3,5,95018754798
70513701,4,4,85292680475
70513701,5,1,59492690176
70513801,1,7,98673785098
70513801,2,2,92591815589
70513801,3,4,85292727277
70513801,4,1,59492658473
70513801,5,10,51487632930
70514001,1,6,110542381444
70514001,2,3,100484510032
70514001,3,7,98673824793
70514001,4,5,95018832108
70514001,5,2,92591841905
70514401,1,6,110542381444
70514401,2,3,100467023460
70514401,3,2,92560209358
70514401,4,1,59466867640
70514401,5,10,51487674237
70514501,1,3,100203099993
70514501,2,5,95018832108
70514501,3,2,92223356395
70514501,4,4,85292762690
70514501,5,10,51487674237
70514600,1,3,100484369928
70514600,2,7,98673705872
70514600,3,2,92591746843
70514600,4,1,59492690176
70514600,5,9,49803569457
70515101,1,3,100460365911
70515101,2,7,98655319106
70515101,3,2,92565471069
70515101,4,4,85263628195
70515101,5,10,51445729169
70515501,1,6,110540736720
70515501,2,3,100481345411
70515501,3,2,92587360606
70515501,4,4,85292762690
70515501,5,1,59488677158
70516101,1,6,110542381444
70516101,2,3,100484510032
70516101,3,7,98673824793
70516101,4,5,95018832108
70516101,5,2,92591841905
70516701,1,6,109531681372
70516701,2,3,99708873432
70516701,3,2,91973552343
70516701,4,1,59492690176
70516701,5,9,48878861844
70517001,1,6,110542369725
70517001,2,3,100484499251
70517001,3,5,95018825766
70517001,4,4,85292762690
70517001,5,1,59492690176
70517201,1,6,110542381444
70517201,2,3,100484510032
70517201,3,7,98673824793
70517201,4,5,95018832108
70517201,5,2,92591841905
70517401,1,6,110542106721
70517401,2,3,100484244151
70517401,3,7,98673824793
70517401,4,5,95018700699
70517401,5,1,59492570936
70517650,1,6,110542381444
70517650,2,3,100484510032
70517650,3,7,98673824793
70517650,4,5,95018832108
70517650,5,2,92544920552
70518201,1,6,110528144810
70518201,2,7,98649419503
70518201,3,5,95004622922
70518201,4,2,92591841905
70518201,5,4,85292762690
70518901,1,3,100252442358
70518901,2,2,92406150665
70518901,3,4,85045038089
70518901,4,1,59492690176
70518901,5,10,51415618163
70519600,1,6,110542105328
70519600,2,7,98673653932
70519600,3,5,95018786502
70519600,4,4,85292480401
70519600,5,10,51487495390
70520660,1,6,110542381444
70520660,2,3,100484510032
70520660,3,7,98673824793
70520660,4,5,95018832108
70520660,5,2,92591841905
70524301,1,3,100484493626
70524301,2,7,98673802423
70524301,3,2,92591825081
70524301,4,4,85292753017
70524301,5,10,51487674237
70525801,1,6,110542249213
70525801,2,3,100484510032
70525801,3,5,95018626532
70525801,4,4,85292627317
70525801,5,9,49803598955
70526901,1,6,110542381444
70526901,2,7,98673813920
70526901,3,5,95018832108
70526901,4,4,85292762690
70526901,5,1,59492660259
70528201,1,6,110542381444
70528201,2,3,100484510032
70528201,3,7,98673824793
70528201,4,5,95018832108
70528201,5,2,92591841905
70528820,1,6,110542381444
70528820,2,3,100484510032
70528820,3,7,98673824793
70528820,4,5,95018832108
70528820,5,2,92591841905
70528901,1,3,100484510032
70528901,2,7,98673824793
70528901,3,5,95018814521
70528901,4,2,92591841905
70528901,5,4,85292762690
70529420,1,6,110542139298
70529420,2,3,100484351341
70529420,3,7,98673824793
70529420,4,5,95018832108
70529420,5,2,92591841905
70529520,1,3,100484510032
70529520,2,7,98673824793
70529520,3,4,85225258729
70529520,4,1,59431287218
70529520,5,10,51487674237
70535201,1,5,95018764080
70535201,2,2,92591841905
70535201,3,4,85292721558
70535201,4,1,59492654255
70535201,5,10,51487674237
70535401,1,3,100484498567
70535401,2,7,98673824793
70535401,3,5,95018832108
70535401,4,2,92591829173
70535401,5,4,85292748485
70535601,1,6,110542317299
70535601,2,3,100484465524
70535601,3,5,95018745761
70535601,4,4,85292664291
70535601,5,1,59492690176
70538901,1,6,110542143270
70538901,2,7,98673780553
70538901,3,5,95018758501
70538901,4,1,59492459084
70538901,5,9,49803608226
70539901,1,7,98673824793
70539901,2,2,92591839962
70539901,3,4,85292762690
70539901,4,1,59492689800
70539901,5,10,51487671619
70549901,1,6,110542251074
70549901,2,3,100484510032
70549901,3,7,98673363986
70549901,4,2,92591379646
70549901,5,4,85292762690
70554301,1,6,110542381444
70554301,2,3,100484510032
70554301,3,7,98371179826
70554301,4,4,84956098588
70554301,5,10,51249988280
70556500,1,6,110542381444
70556500,2,3,100484510032
70556500,3,7,98673824793
70556500,4,5,95018832108
70556500,5,2,92591841905
70556701,1,3,100484510032
70556701,2,7,98564073456
70556701,3,5,94972987794
70556701,4,2,92591841905
70556701,5,4,85130578952
70597801,1,6,110542381444
70597801,2,3,100484510032
70597801,3,7,98673824793
70597801,4,5,95018832108
70597801,5,2,92591841905
70597901,1,6,110542381444
70597901,2,3,100484509075
70597901,3,7,98673824793
70597901,4,5,95018831178
70597901,5,2,92591840663
70598001,1,6,110542203549
70598001,2,7,98673740035
70598001,3,5,95018725976
70598001,4,4,85292762690
70598001,5,10,51487526929
70598201,1,6,110542381444
70598201,2,3,100484510032
70598201,3,7,98673824793
70598201,4,5,95018832108
70598201,5,2,92591824417
70598301,1,2,92591828308
70598301,2,4,85292742819
70598301,3,1,59492674550
70598301,4,10,51487674237
70598301,5,9,49803685479
70598401,1,6,110542381444
70598401,2,7,98673824793
70598401,3,5,95018813111
70598401,4,2,92591822710
70598401,5,4,85292762690
70598501,1,3,100484510032
70598501,2,7,98673824793
70598501,3,5,94972980713
70598501,4,2,92591841905
70598501,5,4,85292762690
70700301,1,3,100484510032
70700301,2,7,98673824793
70700301,3,5,95018814857
70700301,4,2,92591841905
70700301,5,4,85292762690
70700401,1,6,110529046632
70700401,2,7,98661007838
70700401,3,4,85292762690
70700401,4,1,59492690176
70700401,5,10,51487674237
70701401,1,6,110511563962
70701401,2,3,100369555691
70701401,3,5,94984158001
70701401,4,1,59492690176
70701401,5,10,51443018217
70701701,1,6,110542381444
70701701,2,5,95018807813
70701701,3,2,92591817359
70701701,4,1,59492655431
70701701,5,9,49803671141
70702001,1,6,110542381444
70702001,2,3,100484510032
70702001,3,7,98673824793
70702001,4,5,95018832108
70702001,5,2,92591841905
70703901,1,7,98673376624
70703901,2,5,95018325385
70703901,3,4,85292762690
70703901,4,1,59492179047
70703901,5,10,51486983339
70705901,1,6,110541124073
70705901,2,3,100483448421
70705901,3,7,98673145137
70705901,4,2,92590816807
70705901,5,4,85292762690
70707001,1,3,100484259938
70707001,2,7,98673689490
70707001,3,4,85292677507
70707001,4,1,59492604880
70707001,5,10,51487674237
70717101,1,5,95013100570
70717101,2,2,92590531078
70717101,3,4,85287452169
70717101,4,1,59490831612
70717101,5,10,51487674237
70717201,1,6,110542201324
70717201,2,7,98673435914
70717201,3,4,85292419384
70717201,4,1,59492524301
70717201,5,9,49803621994
70800101,1,6,110532456415
70800101,2,4,85288246757
70800101,3,1,59482295981
70800101,4,10,51476153984
70800101,5,9,49795686259
70800520,1,6,110541850470
70800520,2,7,98673824793
70800520,3,5,95018131984
70800520,4,2,92591452000
70800520,5,4,85292762690
70802020,1,6,110337862950
70802020,2,3,100314682516
70802020,3,5,94828102298
70802020,4,2,92591841905
70802020,5,4,85292762690
70802520,1,6,110542381444
70802520,2,7,98673824793
70802520,3,5,95016895459
70802520,4,2,92591841905
70802520,5,4,85290368785
70802720,1,6,110542254210
70802720,2,3,100484510032
70802720,3,7,98673824793
70802720,4,2,92591742337
70802720,5,1,59492538218
70803301,1,6,110011945020
70803301,2,3,100214141594
70803301,3,7,98357961533
70803301,4,2,92591841905
70803301,5,1,59492690176
70805301,1,6,110447265479
70805301,2,3,100390979045
70805301,3,4,85146443427
70805301,4,10,51487674237
70805301,5,9,49729654183
70805801,1,6,110541172430
70805801,2,5,95018832108
70805801,3,2,92590610934
70805801,4,4,85291485133
70805801,5,10,51487674237
70806101,1,6,110542381444
70806101,2,3,100484510032
70806101,3,7,98673824793
70806101,4,5,95018832108
70806101,5,2,92591841905
70806301,1,3,100484375957
70806301,2,5,95018136935
70806301,3,2,92591841905
70806301,4,1,59492545569
70806301,5,10,51487674237
70806401,1,6,110542380872
70806401,2,3,100484510032
70806401,3,7,98673824793
70806401,4,2,92591840744
70806401,5,4,85292762690
70807301,1,3,100484510032
70807301,2,7,98673824793
70807301,3,5,95018556342
70807301,4,2,92591841905
70807301,5,4,85292762690
70808701,1,6,110542381444
70808701,2,3,100484510032
70808701,3,7,98673824793
70808701,4,5,95018832108
70808701,5,2,92591841905
70808901,1,5,95018421007
70808901,2,2,92590754245
70808901,3,4,85292377911
70808901,4,1,59491514261
70808901,5,9,49803181809
70809930,1,6,110541762602
70809930,2,3,100484510032
70809930,3,2,92591841905
70809930,4,1,59490984425
70809930,5,10,51486496341
70810301,1,6,110542381444
70810301,2,3,100484510032
70810301,3,7,98673824793
70810301,4,5,95018832108
70810301,5,2,92591841905
70810650,1,6,110541772802
70810650,2,7,98673196326
70810650,3,4,85292260031
70810650,4,10,51487435985
70810650,5,9,49803711446
70811101,1,6,110542381444
70811101,2,3,100484510032
70811101,3,7,98673296744
70811101,4,5,95018705507
70811101,5,10,51487541618
70811301,1,6,110542381444
70811301,2,3,100484510032
70811301,3,7,98673824793
70811301,4,5,95018832108
70811301,5,2,92591841905
70811401,1,6,110542381444
70811401,2,7,98673718696
70811401,3,2,92591725684
70811401,4,1,59492580448
70811401,5,10,51487674237
70811501,1,6,110542381444
70811501,2,3,100484510032
70811501,3,7,98673824793
70811501,4,5,95018832108
70811501,5,2,92591841905
70811801,1,6,110542124163
70811801,2,3,100484510032
70811801,3,5,95018657373
70811801,4,4,85292565190
70811801,5,9,49803558069
70812450,1,6,110540725446
70812450,2,3,100478660984
70812450,3,5,95017052491
70812450,4,2,92591841905
70812450,5,1,59492690176
70813501,1,6,110542362329
70813501,2,2,92591841905
70813501,3,4,85292731797
70813501,4,10,51487649304
70813501,5,9,49803681221
70814301,1,3,100484454400
70814301,2,5,95018773898
70814301,3,4,85292762690
70814301,4,10,51487606037
70814301,5,9,49803655919
70814620,1,3,100484510032
70814620,2,7,98673790468
70814620,3,5,95018795592
70814620,4,2,92591841905
70814620,5,4,85292762690
70816401,1,7,98540423917
70816401,2,5,94771929818
70816401,3,4,85292762690
70816401,4,1,59492690176
70816401,5,10,51487674237
70817801,1,7,98673817786
70817801,2,2,92591831077
70817801,3,1,59492672123
70817801,4,10,51487655812
70817801,5,9,49803703394
70818001,1,6,110542381444
70818001,2,3,100484510032
70818001,3,7,98673824793
70818001,4,2,92591829639
70818001,5,4,85292762690
70818101,1,3,100484386768
70818101,2,2,92591763638
70818101,3,4,85292712316
70818101,4,1,59492651073
70818101,5,10,51487674237
70818701,1,6,110542381444
70818701,2,7,98673824793
70818701,3,5,95018832108
70818701,4,2,92585964788
70818701,5,4,85292762690
70818901,1,6,110373263972
70818901,2,3,100394963806
70818901,3,5,95018832108
70818901,4,4,85165347457
70818901,5,1,59393324762
70827001,1,6,110542381444
70827001,2,3,100484510032
70827001,3,7,98673824793
70827001,4,5,95018832108
70827001,5,2,92591841905
70828201,1,3,100484470111
70828201,2,2,92591813646
70828201,3,4,85292714352
70828201,4,1,59492690176
70828201,5,10,51487674237
70829901,1,6,110541865027
70829901,2,7,98673824793
70829901,3,5,95018832108
70829901,4,2,92590951121
70829901,5,4,85292004499
70854301,1,6,110542178448
70854301,2,3,100484263168
70854301,3,7,98673381698
70854301,4,5,95018832108
70854301,5,4,85292366985
70887001,1,6,110542349593
70887001,2,3,100484473771
70887001,3,7,98673797572
70887001,4,5,95018832108
70887001,5,9,49803662698
70887301,1,6,110542255961
70887301,2,3,100484510032
70887301,3,5,95018603878
70887301,4,2,92591573855
70887301,5,4,85292474323
70900201,1,3,100484494002
70900201,2,7,98673824793
70900201,3,2,92591841905
70900201,4,4,85292762690
70900201,5,1,59492671380
70900601,1,6,110542381444
70900601,2,3,100484510032
70900601,3,7,98673824793
70900601,4,5,95018832108
70900601,5,2,92591841905
70901001,1,7,98673009995
70901001,2,5,95017833823
70901001,3,2,92591144059
70901001,4,4,85291996514
70901001,5,10,51487674237
70901701,1,7,98673819221
70901701,2,5,95018826674
70901701,3,2,92591835903
70901701,4,4,85292760950
70901701,5,10,51487674237
70901801,1,6,110542308879
70901801,2,5,95018832108
70901801,3,2,92591786338
70901801,4,4,85292762690
70901801,5,1,59492608993
70902101,1,3,100484510032
70902101,2,7,98501610904
70902101,3,2,92414666586
70902101,4,4,85104551542
70902101,5,10,51487674237
70902301,1,3,100484354641
70902301,2,5,95018680892
70902301,3,4,85292762690
70902301,4,10,51487615229
70902301,5,9,49803571054
70902401,1,6,110542381444
70902401,2,3,100484510032
70902401,3,7,98673824793
70902401,4,5,95018832108
70902401,5,2,92591841905
70902601,1,3,100484510032
70902601,2,5,95017240756
70902601,3,2,92590370035
70902601,4,4,85291817770
70902601,5,10,51487674237
70902801,1,6,110542376575
70902801,2,7,98673819265
70902801,3,5,95018832108
70902801,4,4,85292762690
70902801,5,1,59492676796
70903001,1,3,100473185965
70903001,2,7,98665899282
70903001,3,2,92584926098
70903001,4,4,85283931014
70903001,5,10,51487674237
70903201,1,6,110542381444
70903201,2,3,100484510032
70903201,3,7,98673824793
70903201,4,5,95018832108
70903201,5,2,92591841905
70904560,1,6,110542374178
70904560,2,7,98673808724
70904560,3,5,95018816463
70904560,4,4,85292752554
70904560,5,10,51487674237
70904901,1,6,110542377973
70904901,2,7,98673824793
70904901,3,2,92591822206
70904901,4,4,85292762690
70904901,5,1,59492683834
70907520,1,6,110521421555
70907520,2,3,100484510032
70907520,3,7,98644178419
70907520,4,5,94980018302
70907520,5,1,59492690176
70907620,1,3,100482729807
70907620,2,2,92588343731
70907620,3,4,85292762690
70907620,4,1,59490930859
70907620,5,10,51487674237
70908501,1,6,110541885546
70908501,2,3,100484109218
70908501,3,7,98673492258
70908501,4,2,92591841905
70908501,5,1,59492690176
70909220,1,6,110341232920
70909220,2,2,92591841905
70909220,3,4,85170161919
70909220,4,1,59402184870
70909220,5,10,51487674237
70909630,1,3,100249223660
70909630,2,4,84975466474
70909630,3,1,58993564191
70909630,4,10,51487674237
70909630,5,9,49449845955
70910301,1,6,110542381444
70910301,2,3,100484510032
70910301,3,7,98673824793
70910301,4,5,95018832108
70910301,5,2,92591841905
70916701,1,6,110542381444
70916701,2,3,100484510032
70916701,3,7,98673824793
70916701,4,5,95018832108
70916701,5,2,92591841905
70917601,1,6,110542336020
70917601,2,7,98673789053
70917601,3,5,95018803585
70917601,4,2,92591806354
70917601,5,10,51487674237
70917701,1,6,110542381444
70917701,2,3,100484388197
70917701,3,5,95018559359
70917701,4,2,92591639550
70917701,5,4,85292762690
71100101,1,3,100484510032
71100101,2,7,98673824793
71100101,3,2,92591738006
71100101,4,4,85292465028
71100101,5,1,59492690176
71100401,1,7,98658319303
71100401,2,5,95000662662
71100401,3,2,92571487545
71100401,4,4,85268208312
71100401,5,10,51487674237
71104201,1,6,110542381444
71104201,2,3,100484510032
71104201,3,7,98673824793
71104201,4,5,95018832108
71104201,5,2,92591841905
71118201,1,3,100484166188
71118201,2,7,98673420043
71118201,3,5,95018832108
71118201,4,2,92591841905
71118201,5,1,59492324142
71217101,1,6,110542381444
71217101,2,3,100484510032
71217101,3,7,98673824793
71217101,4,5,95018832108
71217101,5,2,92591841905
71217201,1,3,100484510032
71217201,2,7,98673824321
71217201,3,5,95018832108
71217201,4,2,92591841022
71217201,5,1,59492689867
71300101,1,7,98673760580
71300101,2,5,95018759461
71300101,3,1,59492645322
71300101,4,10,51487674237
71300101,5,9,49803671962
71415700,1,6,110541331195
71415700,2,7,98673824793
71415700,3,5,95015957851
71415700,4,1,59489918337
71415700,5,10,51487674237
71500001,1,6,110542381444
71500001,2,3,100484510032
71500001,3,7,98673824793
71500001,4,5,95018832108
71500001,5,2,92591841905
71600201,1,3,100484490100
71600201,2,5,95018810609
71600201,3,2,92591841905
71600201,4,4,85292749605
71600201,5,9,49803672791
71600301,1,6,110542182485
71600301,2,7,98673635695
71600301,3,2,92591841905
71600301,4,4,85292666103
71600301,5,1,59492504495
71600601,1,3,100484332740
71600601,2,7,98673551308
71600601,3,5,95018533484
71600601,4,4,85292762690
71600601,5,10,51487674237
71600701,1,3,100427294115
71600701,2,7,98593442318
71600701,3,2,92497195876
71600701,4,4,85292762690
71600701,5,10,51487674237
71600801,1,7,98673824793
71600801,2,5,95018832108
71600801,3,2,92591548970
71600801,4,4,85292615352
71600801,5,10,51487674237
71600901,1,3,100484510032
71600901,2,7,98673824793
71600901,3,5,95018832108
71600901,4,4,85292751979
71600901,5,10,51487658095
71601101,1,6,110536949537
71601101,2,7,98673824793
71601101,3,5,95012881672
71601101,4,2,92591841905
71601101,5,4,85292762690
71601201,1,6,110542380061
71601201,2,3,100484507466
71601201,3,7,98673824793
71601201,4,5,95018832108
71601201,5,1,59492690176
71601301,1,6,110542381444
71601301,2,3,100484510032
71601301,3,7,98673824793
71601301,4,5,95018830770
71601301,5,4,85292762690
71605601,1,6,110542381444
71605601,2,3,100484510032
71605601,3,7,98673824793
71605601,4,5,95018823909
71605601,5,4,85292762690
71606401,1,3,100484487988
71606401,2,5,95018806372
71606401,3,4,85292734815
71606401,4,1,59492681139
71606401,5,9,49803701284
71607901,1,6,110542370654
71607901,2,7,98673815099
71607901,3,5,95018832108
71607901,4,1,59492675378
71607901,5,10,51487674237
71618901,1,3,100484510032
71618901,2,7,98673824793
71618901,3,2,92591770555
71618901,4,4,85292721840
71618901,5,1,59492653796
71619901,1,6,110542381444
71619901,2,3,100484372409
71619901,3,5,95018671195
71619901,4,2,92591841905
71619901,5,4,85292762690
71656401,1,6,110542381444
71656401,2,3,100484510032
71656401,3,7,98673824793
71656401,4,5,95018832108
71656401,5,2,92591841905
71900001,1,6,110542145786
71900001,2,7,98673541394
71900001,3,5,95018832108
71900001,4,2,92591777197
71900001,5,4,85292629183
71900101,1,7,98673824793
71900101,2,5,95018832108
71900101,3,2,92591837468
71900101,4,4,85292755224
71900101,5,1,59492684353
71900201,1,6,110542381444
71900201,2,3,100484510032
71900201,3,7,98673824793
71900201,4,5,95018832108
71900201,5,2,92591841905
71900301,1,6,110542381444
71900301,2,3,100484510032
71900301,3,7,98673824793
71900301,4,5,95018832108
71900301,5,2,92591836542
71900401,1,6,110542330230
71900401,2,3,100484447976
71900401,3,5,95018770633
71900401,4,1,59492671943
71900401,5,9,49803659234
71900501,1,6,110542381444
71900501,2,3,100484510032
71900501,3,7,98673824793
71900501,4,5,95018832108
71900501,5,2,92591841905
71900601,1,6,110542381444
71900601,2,3,100484506716
71900601,3,7,98673824793
71900601,4,5,95018828060
71900601,5,1,59492690176
71900701,1,6,110542381444
71900701,2,3,100484510032
71900701,3,7,98673824793
71900701,4,5,95018832108
71900701,5,4,85292754816
71900901,1,6,110542381444
71900901,2,3,100484510032
71900901,3,7,98673824793
71900901,4,5,95018832108
71900901,5,2,92591841905
71901001,1,6,110542381444
71901001,2,3,100484510032
71901001,3,7,98673824793
71901001,4,5,95018832108
71901001,5,2,92591841905
71901101,1,6,110542381444
71901101,2,3,100484510032
71901101,3,7,98673824793
71901101,4,5,95018832108
71901101,5,2,92591841905
71901201,1,6,110542381444
71901201,2,3,100484510032
71901201,3,7,98673824793
71901201,4,5,95018832108
71901201,5,2,92591841905
71901301,1,6,110542381444
71901301,2,3,100484510032
71901301,3,7,98673824793
71901301,4,5,95018832108
71901301,5,2,92591841905
71901401,1,6,110542381444
71901401,2,3,100484510032
71901401,3,7,98673824793
71901401,4,5,95018832108
71901401,5,2,92591841905
72100101,1,3,100484510032
72100101,2,7,98673821515
72100101,3,5,95018828084
72100101,4,2,92591841905
72100101,5,10,51487668608
72100201,1,6,110542329242
72100201,2,5,95018785311
72100201,3,2,92591841905
72100201,4,1,59492617043
72100201,5,9,49803649593
72100301,1,6,110542381444
72100301,2,3,100484510032
72100301,3,5,95018832108
72100301,4,2,92591833285
72100301,5,4,85292762690
72100401,1,6,110521045338
72100401,2,3,100450360898
72100401,3,1,59467741196
72100401,4,10,51460440685
72100401,5,9,49779315778
72100501,1,6,110542381189
72100501,2,3,100484510032
72100501,3,4,85292762690
72100501,4,1,59492690176
72100501,5,10,51487673704
72100601,1,3,100484506851
72100601,2,7,98673824793
72100601,3,5,95018829186
72100601,4,2,92591841905
72100601,5,1,59492690176
72100701,1,6,110542381444
72100701,2,3,100484510032
72100701,3,7,98673824793
72100701,4,5,95018832108
72100701,5,2,92591841905
72100801,1,6,110542381444
72100801,2,3,100484510032
72100801,3,7,98673824793
72100801,4,5,95018832108
72100801,5,4,85292761624
72100901,1,3,100484460050
72100901,2,7,98673792660
72100901,3,5,95018783932
72100901,4,1,59492638190
72100901,5,10,51487602748
72101001,1,6,110542381444
72101001,2,3,100484510032
72101001,3,7,98673824793
72101001,4,5,95018832108
72101001,5,2,92591841905
72101101,1,6,110542381444
72101101,2,3,100484510032
72101101,3,7,98673824793
72101101,4,5,95018832108
72101101,5,2,92591841905
72101201,1,3,100484510032
72101201,2,7,98662237675
72101201,3,5,95018832108
72101201,4,2,92577122743
72101201,5,10,51487674237
72101401,1,3,100484510032
72101401,2,5,95017113297
72101401,3,2,92591841905
72101401,4,4,85292762690
72101401,5,1,59490929678
72101501,1,6,110542380893
72101501,2,7,98673824793
72101501,3,5,95018832108
72101501,4,2,92591840961
72101501,5,4,85292762690
72101601,1,6,110542381444
72101601,2,3,100484510032
72101601,3,7,98673824793
72101601,4,5,95018832108
72101601,5,4,85292762690
72200001,1,6,110542381444
72200001,2,3,100484510032
72200001,3,7,98673824793
72200001,4,5,95018832108
72200001,5,4,85292762690
73505800,1,7,98673722053
73505800,2,5,95018612855
73505800,3,2,92591675168
73505800,4,4,85292762690
73505800,5,10,51487674237
80100410,1,5,95018826353
80100410,2,2,92591841905
80100410,3,4,85292756852
80100410,4,1,59492690176
80100410,5,10,51487674237
80100501,1,6,110542381444
80100501,2,5,95018763743
80100501,3,4,85292762690
80100501,4,1,59492646366
80100501,5,10,51487620066
80100801,1,6,110542307525
80100801,2,7,98673757742
80100801,3,2,92591787685
80100801,4,1,59492690176
80100801,5,10,51487645072
80101310,1,6,110541573482
80101310,2,3,100483892897
80101310,3,7,98673824793
80101310,4,5,95018385985
80101310,5,10,51487674237
80102600,1,6,110542381444
80102600,2,5,95018168213
80102600,3,2,92591142157
80102600,4,4,85292034194
80102600,5,1,59492690176
80105101,1,3,100484509559
80105101,2,7,98673824793
80105101,3,5,95018832108
80105101,4,1,59492689682
80105101,5,10,51487674237
80105601,1,6,110542381444
80105601,2,3,100484155675
80105601,3,4,85292286384
80105601,4,1,59491698519
80105601,5,10,51486829799
80106901,1,3,100484451065
80106901,2,7,98673824793
80106901,3,4,85292635016
80106901,4,1,59492620383
80106901,5,10,51487609453
80107601,1,6,110542381444
80107601,2,3,100484510032
80107601,3,7,98673824793
80107601,4,5,95018832108
80107601,5,2,92591841905
80107990,1,6,110542381444
80107990,2,2,92591498963
80107990,3,4,85292388104
80107990,4,1,59492198013
80107990,5,10,51487674237
80108901,1,6,110540996829
80108901,2,3,100482443015
80108901,3,5,95018832108
80108901,4,2,92591841905
80108901,5,4,85291010836
80109301,1,3,100483973732
80109301,2,2,92591360031
80109301,3,4,85292762690
80109301,4,1,59492388133
80109301,5,10,51487674237
80109801,1,5,95018817699
80109801,2,4,85292747476
80109801,3,1,59492677874
80109801,4,10,51487674237
80109801,5,9,49803705021
80109901,1,6,110542381444
80109901,2,3,100484510032
80109901,3,7,98673824793
80109901,4,5,95018832108
80109901,5,2,92591841905
80110001,1,6,110542381444
80110001,2,3,100484510032
80110001,3,7,98673824793
80110001,4,5,95018832108
80110001,5,2,92591841905
80110101,1,3,100484333087
80110101,2,5,95018675572
80110101,3,2,92591841905
80110101,4,4,85292560635
80110101,5,1,59492690176
80110301,1,3,100484510032
80110301,2,7,98673824793
80110301,3,5,95018832108
80110301,4,4,85292761195
80110301,5,1,59492689493
80110401,1,6,110542233500
80110401,2,7,98673824793
80110401,3,5,95018516064
80110401,4,1,59492690176
80110401,5,10,51487403049
80110701,1,6,110542381444
80110701,2,3,100484510032
80110701,3,7,98673824793
80110701,4,5,95018832108
80110701,5,2,92591841905
80110801,1,6,110542381444
80110801,2,3,100484510032
80110801,3,7,98673824793
80110801,4,5,95018832108
80110801,5,2,92591841905
80111001,1,3,100484510032
80111001,2,7,98673824793
80111001,3,5,95018832108
80111001,4,2,92591841905
80111001,5,4,85291561518
80111301,1,3,100484402558
80111301,2,7,98673662495
80111301,3,5,95018832108
80111301,4,2,92591841905
80111301,5,4,85292762690
80111401,1,7,98673824793
80111401,2,5,95018320781
80111401,3,4,85292431550
80111401,4,1,59492601518
80111401,5,10,51487015203
80111501,1,6,110542381444
80111501,2,3,100484510032
80111501,3,2,92588678991
80111501,4,4,85292762690
80111501,5,1,59491292057
80111801,1,6,110541618785
80111801,2,3,100483605834
80111801,3,7,98673203831
80111801,4,2,92590961117
80111801,5,10,51487674237
80112001,1,6,110542342401
80112001,2,7,98673824793
80112001,3,2,92591841905
80112001,4,4,85292747806
80112001,5,1,59492690176
80112301,1,3,100484510032
80112301,2,7,98673638125
80112301,3,2,92591841905
80112301,4,4,85292697979
80112301,5,10,51487674237
80112501,1,6,110542381444
80112501,2,3,100484510032
80112501,3,7,98673824793
80112501,4,5,95018832108
80112501,5,2,92591841905
80112601,1,6,110542381444
80112601,2,3,100484510032
80112601,3,7,98673824793
80112601,4,5,95018832108
80112601,5,2,92591841905
80112801,1,6,110542381444
80112801,2,3,100484510032
80112801,3,7,98673824793
80112801,4,5,95018832108
80112801,5,2,92591841905
80113120,1,6,110542373535
80113120,2,2,92591830991
80113120,3,4,85292756881
80113120,4,10,51487674237
80113120,5,9,49803701827
80116100,1,7,98673824422
80116100,2,2,92591841576
80116100,3,4,85292762690
80116100,4,10,51487673694
80116100,5,9,49803710985
80116440,1,6,110542275316
80116440,2,5,95018759571
80116440,3,2,92591815097
80116440,4,1,59492549841
80116440,5,10,51487627400
80117401,1,6,110542217634
80117401,2,3,100484510032
80117401,3,7,98673683000
80117401,4,5,95018832108
80117401,5,4,85292762690
80117601,1,3,100484504110
80117601,2,7,98673824793
80117601,3,5,95018832108
80117601,4,2,92591841905
80117601,5,1,59492690176
80117820,1,3,100480258032
80117820,2,5,95018832108
80117820,3,4,85292762690
80117820,4,1,59487975854
80117820,5,10,51485175640
80118201,1,6,110542381444
80118201,2,7,98673824793
80118201,3,5,95018822261
80118201,4,1,59492669033
80118201,5,10,51487664053
80119560,1,6,110542032331
80119560,2,7,98673399671
80119560,3,5,95018133152
80119560,4,10,51487318818
80119560,5,9,49803379551
80124201,1,7,98673797019
80124201,2,5,95018791834
80124201,3,1,59492656283
80124201,4,10,51487659468
80124201,5,9,49803676670
80128101,1,3,100484510032
80128101,2,7,98673824793
80128101,3,5,95018387741
80128101,4,4,85292762690
80128101,5,1,59492690176
80154301,1,3,100484510032
80154301,2,7,98673818267
80154301,3,5,95018819732
80154301,4,2,92591829232
80154301,5,4,85292762690
80156501,1,6,110542381444
80156501,2,3,100484510032
80156501,3,7,98673824793
80156501,4,5,95018832108
80156501,5,2,92591841905
80157801,1,6,110410671281
80157801,2,5,94864264408
80157801,3,2,92492138901
80157801,4,4,85216014752
80157801,5,9,49692308367
80169901,1,3,100484319019
80169901,2,7,98673606285
80169901,3,2,92591736511
80169901,4,4,85292762690
80169901,5,1,59492455630
80199830,1,6,110542381444
80199830,2,7,98672804555
80199830,3,5,95017412199
80199830,4,2,92591841905
80199830,5,4,85291699100
80200401,1,6,110542381444
80200401,2,3,100484510032
80200401,3,7,98673824793
80200401,4,5,95018832108
80200401,5,2,92591841905
80200901,1,6,110542381444
80200901,2,3,100484510032
80200901,3,7,98673824793
80200901,4,5,95018832108
80200901,5,2,92591841905
80201210,1,3,100483864495
80201210,2,7,98673032092
80201210,3,2,92591249146
80201210,4,10,51486708642
80201210,5,9,49802581421
80201901,1,6,110542381444
80201901,2,3,100484510032
80201901,3,7,98673824793
80201901,4,5,95018832108
80201901,5,2,92591841905
80202301,1,6,110542381444
80202301,2,3,100484510032
80202301,3,7,98673824793
80202301,4,5,95018832108
80202301,5,2,92591841905
80203901,1,3,100460336271
80203901,2,7,98654074848
80203901,3,1,59478579520
80203901,4,10,51487674237
80203901,5,9,49778861494
80204730,1,6,110540923745
80204730,2,3,100482767797
80204730,3,7,98672429407
80204730,4,5,95018216610
80204730,5,1,59492690176
80205501,1,6,110542381444
80205501,2,3,100484502688
80205501,3,7,98673824793
80205501,4,5,95018820482
80205501,5,4,85292762690
80206530,1,6,110542379171
80206530,2,3,100484510032
80206530,3,7,98673822528
80206530,4,5,95018832108
80206530,5,2,92591840296
80215201,1,6,110541755051
80215201,2,3,100484016752
80215201,3,7,98673500422
80215201,4,1,59492129888
80215201,5,10,51487674237
80215301,1,6,110542379962
80215301,2,5,95018832108
80215301,3,2,92591840896
80215301,4,4,85292762690
80215301,5,1,59492688065
80300710,1,6,110542381444
80300710,2,7,98673824436
80300710,3,2,92591841636
80300710,4,4,85292762271
80300710,5,1,59492689845
80302201,1,6,110542374897
80302201,2,7,98673824793
80302201,3,5,95018830295
80302201,4,4,85292758903
80302201,5,10,51487674237
80302301,1,6,110524237959
80302301,2,3,100464003262
80302301,3,5,94987527507
80302301,4,1,59492690176
80302301,5,10,51462693275
80302401,1,3,100405221966
80302401,2,7,98600992839
80302401,3,5,94922568010
80302401,4,2,92591841905
80302401,5,1,59399476676
80302901,1,3,100484498121
80302901,2,5,95018823067
80302901,3,4,85292755682
80302901,4,1,59492680895
80302901,5,10,51487666389
80303201,1,6,110542381444
80303201,2,3,100484510032
80303201,3,7,98673824793
80303201,4,5,95018832108
80303201,5,2,92591841905
80303601,1,6,110542381444
80303601,2,3,100484510032
80303601,3,7,98673824793
80303601,4,5,95018832108
80303601,5,2,92591841905
80303701,1,6,110542381444
80303701,2,3,100484510032
80303701,3,7,98673824793
80303701,4,5,95018832108
80303701,5,2,92591841905
80305850,1,6,110542381444
80305850,2,3,100484510032
80305850,3,7,98673824793
80305850,4,5,95018832108
80305850,5,2,92591841905
80314600,1,7,98673785135
80314600,2,5,95018786054
80314600,3,2,92591797199
80314600,4,1,59492643028
80314600,5,9,49803682431
80318901,1,6,110542337683
80318901,2,3,100484470553
80318901,3,7,98673797987
80318901,4,5,95018832108
80318901,5,4,85292739657
80354301,1,6,110542326001
80354301,2,4,85292731899
80354301,3,1,59492630017
80354301,4,10,51487674237
80354301,5,9,49803637337
80354401,1,6,110487955846
80354401,2,5,94977279714
80354401,3,2,92591841905
80354401,4,1,59479267056
80354401,5,10,51445111419
80354501,1,7,98673802148
80354501,2,5,95018772080
80354501,3,2,92591796019
80354501,4,1,59492642396
80354501,5,9,49803654882
80354601,1,6,110542381444
80354601,2,3,100484510032
80354601,3,7,98673824793
80354601,4,5,95018832108
80354601,5,2,92591841905
80354801,1,6,110542381124
80354801,2,7,98673824793
80354801,3,5,95018832108
80354801,4,2,92591841905
80354801,5,1,59492689951
80354901,1,6,110542365474
80354901,2,3,100484483365
80354901,3,7,98673824793
80354901,4,2,92591841905
80354901,5,1,59492665677
80355001,1,6,110542376908
80355001,2,7,98673820913
80355001,3,2,92591837510
80355001,4,10,51487674237
80355001,5,9,49803704130
80400210,1,6,110542381444
80400210,2,3,100484510032
80400210,3,7,98673824793
80400210,4,5,95018832108
80400210,5,2,92591841905
80401010,1,6,110542381444
80401010,2,3,100484510032
80401010,3,7,98673824793
80401010,4,5,95018832108
80401010,5,2,92591841905
80401501,1,6,110542381444
80401501,2,3,100484510032
80401501,3,7,98673824793
80401501,4,5,95018832108
80401501,5,2,92591841905
80401901,1,6,110542381444
80401901,2,3,100484510032
80401901,3,5,95018832108
80401901,4,2,92591841905
80401901,5,4,85291455350
80402001,1,6,110542381444
80402001,2,3,100484510032
80402001,3,7,98673824793
80402001,4,5,95018832108
80402001,5,2,92591841905
80403101,1,6,110542381444
80403101,2,3,100484510032
80403101,3,7,98673824793
80403101,4,5,95018832108
80403101,5,2,92591841905
80403660,1,3,99921679020
80403660,2,2,92091784809
80403660,3,4,85115620686
80403660,4,10,50947035772
80403660,5,9,49587606232
80404601,1,3,100432144065
80404601,2,5,94957526923
80404601,3,2,92506323147
80404601,4,1,59403733954
80404601,5,10,51487674237
80415600,1,6,110542381444
80415600,2,7,98673824793
80415600,3,2,92591841905
80415600,4,4,85292751633
80415600,5,1,59492673516
80415701,1,3,100484506768
80415701,2,7,98673824793
80415701,3,5,95018827112
80415701,4,2,92591841905
80415701,5,1,59492686471
80417101,1,3,100484502912
80417101,2,7,98673824793
80417101,3,2,92591841905
80417101,4,4,85292762690
80417101,5,1,59492682436
80500610,1,5,95018670388
80500610,2,2,92591786399
80500610,3,4,85292472119
80500610,4,1,59492690176
80500610,5,10,51487612176
80500901,1,6,110514554165
80500901,2,3,100459056735
80500901,3,5,95018832108
80500901,4,4,85263550169
80500901,5,1,59465925752
80501201,1,6,110542381444
80501201,2,3,100484510032
80501201,3,7,98673824793
80501201,4,5,95018832108
80501201,5,2,92591841905
80700101,1,6,110542381444
80700101,2,7,98673824793
80700101,3,5,95018832108
80700101,4,2,92591735898
80700101,5,4,85292762690
80700290,1,6,110542381052
80700290,2,7,98673823756
80700290,3,5,95018831117
80700290,4,2,92591841905
80700290,5,4,85292762690
80700760,1,6,110542381444
80700760,2,7,98673824793
80700760,3,5,95018832108
80700760,4,2,92460632413
80700760,5,4,85292762690
80702101,1,6,110542328512
80702101,2,3,100484510032
80702101,3,7,98673824793
80702101,4,4,85292687713
80702101,5,1,59492576793
80702601,1,6,110542248769
80702601,2,3,100484241694
80702601,3,7,98673569281
80702601,4,4,85292632854
80702601,5,10,51487446500
80707201,1,6,110542381444
80707201,2,3,100484510032
80707201,3,7,98673824793
80707201,4,2,92393276844
80707201,5,4,85292762690
80709201,1,6,110542381444
80709201,2,3,100484510032
80709201,3,7,98673824793
80709201,4,5,95018832108
80709201,5,2,92591829809
80900250,1,3,100484400597
80900250,2,7,98673824793
80900250,3,5,95018700323
80900250,4,2,92591841905
80900250,5,10,51487544836
80900810,1,6,110542216769
80900810,2,3,100484364224
80900810,3,5,95018648554
80900810,4,4,85292656823
80900810,5,10,51487674237
80901701,1,6,110542069251
80901701,2,3,100484256857
80901701,3,2,92591605489
80901701,4,4,85292762690
80901701,5,10,51487674237
80902601,1,6,110542381444
80902601,2,3,100484375061
80902601,3,7,98673748182
80902601,4,5,95018746622
80902601,5,2,92591691715
80902901,1,6,110542381444
80902901,2,3,100484510032
80902901,3,7,98673824793
80902901,4,5,95018832108
80902901,5,2,92591787732
80903560,1,6,110542381444
80903560,2,3,100484510032
80903560,3,7,98673824793
80903560,4,2,92591841905
80903560,5,4,85292762690
80903660,1,3,100484458644
80903660,2,7,98673780787
80903660,3,4,85292734399
80903660,4,10,51487594413
80903660,5,9,49803658497
80905201,1,6,110542381444
80905201,2,3,100484510032
80905201,3,7,98673824793
80905201,4,5,95018832108
80905201,5,2,92591841905
80905801,1,7,98673824566
80905801,2,5,95018831746
80905801,3,2,92591841615
80905801,4,4,85292762690
80905801,5,1,59492689992
80907301,1,6,110542381444
80907301,2,3,100484510032
80907301,3,7,98673824793
80907301,4,5,95018832108
80907301,5,4,85292762690
80915901,1,3,100484510032
80915901,2,7,98673717982
80915901,3,2,92591841905
80915901,4,4,85292762690
80915901,5,1,59492644013
80918001,1,3,100472599447
80918001,2,7,98653414963
80918001,3,2,92572327266
80918001,4,4,85292762690
80918001,5,10,51480166187
81001101,1,6,110542381444
81001101,2,3,100484510032
81001101,3,7,98673704471
81001101,4,5,95018832108
81001101,5,1,59492690176
81002510,1,6,110542381444
81002510,2,7,98671723999
81002510,3,5,95016840242
81002510,4,2,92591841905
81002510,5,10,51485457841
81005501,1,6,110541854934
81005501,2,3,100484510032
81005501,3,7,98672781657
81005501,4,1,59491823386
81005501,5,10,51487674237
81007301,1,6,110542381444
81007301,2,3,100484510032
81007301,3,7,98673824793
81007301,4,5,95018832108
81007301,5,2,92591841905
81015201,1,6,110479422569
81015201,2,2,92454098362
81015201,3,4,85134750955
81015201,4,10,51487674237
81015201,5,9,49691654301
81023301,1,3,100484294655
81023301,2,7,98673824793
81023301,3,5,95018832108
81023301,4,2,92591664915
81023301,5,4,85292522363
81054600,1,6,110542370665
81054600,2,3,100484500706
81054600,3,7,98673811154
81054600,4,5,95018821612
81054600,5,2,92591841905
81100401,1,6,110541247777
81100401,2,3,100483579273
81100401,3,2,92590771367
81100401,4,4,85292762690
81100401,5,10,51487674237
81100560,1,6,110542381444
81100560,2,3,100484405371
81100560,3,5,95018832108
81100560,4,2,92591689875
81100560,5,4,85292608476
81101201,1,6,110542381444
81101201,2,3,100484510032
81101201,3,7,98673824793
81101201,4,5,95018832108
81101201,5,2,92591841905
81103601,1,6,110542380978
81103601,2,3,100484509707
81103601,3,7,98673824533
81103601,4,1,59492689784
81103601,5,10,51487674009
81215201,1,3,100454694856
81215201,2,7,98673824793
81215201,3,5,94955411513
81215201,4,4,85292762690
81215201,5,1,59462686806
81500110,1,3,100484508977
81500110,2,7,98673824296
81500110,3,2,92591841905
81500110,4,4,85292761769
81500110,5,1,59492688896
81505901,1,3,100478636370
81505901,2,7,98668462202
81505901,3,2,92581963894
81505901,4,10,51477664299
81505901,5,9,49798618068
81600401,1,6,110542381444
81600401,2,3,100484510032
81600401,3,7,98673824793
81600401,4,5,95018832108
81600401,5,2,92591841905
81600501,1,3,100484350264
81600501,2,7,98673723287
81600501,3,5,95018832108
81600501,4,2,92591697045
81600501,5,4,85292762690
81600601,1,6,110542368871
81600601,2,7,98673822219
81600601,3,2,92591833880
81600601,4,10,51487674237
81600601,5,9,49803693480
81602201,1,6,110542103193
81602201,2,5,95018832108
81602201,3,2,92591735825
81602201,4,4,85292669367
81602201,5,10,51487674237
81616401,1,7,98673396638
81616401,2,5,95018832108
81616401,3,2,92591375520
81616401,4,4,85292406612
81616401,5,10,51487395830
81618001,1,6,110542381444
81618001,2,3,100484510032
81618001,3,7,98673824793
81618001,4,5,95018832108
81618001,5,2,92591841905
81700210,1,7,98673765958
81700210,2,2,92591790471
81700210,3,4,85292762690
81700210,4,1,59492621427
81700210,5,10,51487674237
81701401,1,6,110542312654
81701401,2,3,100484456176
81701401,3,5,95018783929
81701401,4,4,85292762690
81701401,5,10,51487674237
81702101,1,6,110542381444
81702101,2,3,100484510032
81702101,3,7,98673824793
81702101,4,5,95018832108
81702101,5,2,92591841905
81702401,1,6,110542381444
81702401,2,3,100484510032
81702401,3,7,98673824793
81702401,4,5,95018832108
81702401,5,4,85292762690
81703101,1,6,110542381444
81703101,2,7,98673824171
81703101,3,2,92591841905
81703101,4,4,85292762690
81703101,5,1,59492689811
81704001,1,6,110542381444
81704001,2,3,100484510032
81704001,3,7,98673824793
81704001,4,5,95018832108
81704001,5,2,92591841905
81704610,1,6,110542381444
81704610,2,3,100484510032
81704610,3,2,92591695313
81704610,4,4,85292762690
81704610,5,1,59492521323
81705900,1,5,95018488832
81705900,2,2,92591325146
81705900,3,4,85292762690
81705900,4,1,59492690176
81705900,5,10,51487308425
81706501,1,6,110542381444
81706501,2,3,100484510032
81706501,3,7,98673824793
81706501,4,5,95018832108
81706501,5,2,92591841905
81711301,1,6,110542378521
81711301,2,7,98673822499
81711301,3,4,85292759199
81711301,4,1,59492688630
81711301,5,10,51487674237
81714301,1,6,110541025984
81714301,2,7,98672900834
81714301,3,5,95017036020
81714301,4,4,85292762690
81714301,5,1,59491620423
81716401,1,7,98673802548
81716401,2,5,95018806817
81716401,3,4,85292742062
81716401,4,1,59492668836
81716401,5,10,51487643173
81718901,1,3,100484501064
81718901,2,7,98673824793
81718901,3,2,92591833619
81718901,4,4,85292762690
81718901,5,1,59492666041
81728901,1,6,110542381444
81728901,2,3,100484510032
81728901,3,7,98673824793
81728901,4,5,95018832108
81728901,5,2,92591841905
81737901,1,7,98571904478
81737901,2,4,85200800970
81737901,3,1,59492690176
81737901,4,10,51375030811
81737901,5,9,49703098757
81738001,1,6,110542381444
81738001,2,3,100484510032
81738001,3,7,98673824793
81738001,4,5,95018832108
81738001,5,4,85257228232
81801130,1,6,110538123463
81801130,2,3,100484510032
81801130,3,5,95013318915
81801130,4,1,59490003819
81801130,5,10,51487674237
81801701,1,6,110406915236
81801701,2,7,98393676983
81801701,3,5,94856336244
81801701,4,2,92591841905
81801701,5,4,85292762690
81802690,1,6,110542381444
81802690,2,3,100484510032
81802690,3,7,98673824793
81802690,4,5,95018832108
81802690,5,2,92591841905
81804201,1,6,110542381444
81804201,2,7,98673749294
81804201,3,4,85292671451
81804201,4,10,51487564866
81804201,5,9,49803524113
81805301,1,7,98671404024
81805301,2,5,95014836898
81805301,3,2,92586841470
81805301,4,4,85288732653
81805301,5,1,59492690176
81805501,1,6,110401981240
81805501,2,5,94944421386
81805501,3,2,92467075079
81805501,4,4,85292762690
81805501,5,1,59426542241
81805801,1,6,110542381444
81805801,2,3,100484277644
81805801,3,7,98673824793
81805801,4,5,95018832108
81805801,5,2,92591841905
81806101,1,3,100481779683
81806101,2,7,98673824793
81806101,3,5,95015994582
81806101,4,4,85289712061
81806101,5,10,51487674237
81806501,1,3,100484491788
81806501,2,7,98673806767
81806501,3,5,95018826557
81806501,4,4,85292752496
81806501,5,10,51487674237
81806601,1,6,110541946747
81806601,2,3,100484301159
81806601,3,7,98672864911
81806601,4,5,95018161676
81806601,5,9,49803001934
81807401,1,6,110542381444
81807401,2,7,98673824793
81807401,3,5,95018809681
81807401,4,4,85292745864
81807401,5,1,59492674244
81807601,1,6,110539678705
81807601,2,7,98672814204
81807601,3,5,95018303028
81807601,4,2,92590610953
81807601,5,4,85292762690
81807701,1,3,100484510032
81807701,2,7,98665971793
81807701,3,5,95008565016
81807701,4,2,92586071062
81807701,5,4,85287335054
81807901,1,6,110542381444
81807901,2,3,100484510032
81807901,3,7,98673824793
81807901,4,5,95018832108
81807901,5,2,92591841905
81808001,1,7,98673799007
81808001,2,5,95018817251
81808001,3,4,85292762690
81808001,4,1,59492675594
81808001,5,10,51487674237
81808201,1,6,110542381444
81808201,2,3,100484510032
81808201,3,7,98673824793
81808201,4,5,95018832108
81808201,5,2,92591841905
81808301,1,6,110542362372
81808301,2,3,100484478543
81808301,3,7,98673817432
81808301,4,4,85292729166
81808301,5,9,49803636599
81808601,1,6,110542381444
81808601,2,3,100484510032
81808601,3,7,98673824793
81808601,4,5,95018832108
81808601,5,2,92591841905
81808701,1,6,110542078677
81808701,2,3,100484510032
81808701,3,7,98673556722
81808701,4,2,92591841905
81808701,5,1,59492348587
81808801,1,6,110542381444
81808801,2,3,100484510032
81808801,3,7,98673824793
81808801,4,5,95018832108
81808801,5,2,92590803601
81808901,1,6,110542381444
81808901,2,3,100484510032
81808901,3,7,98673824793
81808901,4,5,95018832108
81808901,5,2,92591841905
81809001,1,6,110542381444
81809001,2,3,100484495241
81809001,3,5,95018816414
81809001,4,2,92591829014
81809001,5,10,51487674237
81809101,1,6,110542380688
81809101,2,3,100484509442
81809101,3,5,95018831033
81809101,4,2,92591841338
81809101,5,10,51487674237
81809301,1,6,110542381444
81809301,2,7,98673602957
81809301,3,5,95018546657
81809301,4,2,92591618136
81809301,5,10,51487674237
81810301,1,3,100484510032
81810301,2,7,98673824793
81810301,3,5,95018832108
81810301,4,2,92591330473
81810301,5,1,59492341879
81811201,1,7,98673824793
81811201,2,5,95018617343
81811201,3,2,92591841905
81811201,4,4,85292572417
81811201,5,10,51487506601
81814600,1,6,110542381444
81814600,2,3,100484510032
81814600,3,7,98673824793
81814600,4,5,95018832108
81814600,5,2,92591841905
81815601,1,6,110542381444
81815601,2,3,100484510032
81815601,3,7,98673824793
81815601,4,5,95018832108
81815601,5,2,92591841905
81816401,1,6,110542381444
81816401,2,3,100484510032
81816401,3,7,98673824793
81816401,4,5,95018832108
81816401,5,2,92591841905
81818201,1,3,100313063409
81818201,2,7,98673824793
81818201,3,5,94846121170
81818201,4,2,92495431686
81818201,5,4,85292762690
81824600,1,6,110542381444
81824600,2,7,98673723250
81824600,3,2,92591785960
81824600,4,4,85292663880
81824600,5,1,59492690176
81837801,1,3,100484510032
81837801,2,7,98672733126
81837801,3,5,95017391911
81837801,4,2,92591841905
81837801,5,4,85292762690
81896301,1,6,110532138378
81896301,2,7,98663937196
81896301,3,5,95016362138
81896301,4,4,85292762690
81896301,5,10,51487674237
81900201,1,5,95015083964
81900201,2,2,92591841905
81900201,3,4,85287894635
81900201,4,1,59492690176
81900201,5,10,51487674237
81901501,1,6,110542211581
81901501,2,3,100484239656
81901501,3,7,98673460405
81901501,4,5,95018607336
81901501,5,1,59492690176
81902301,1,6,110542381444
81902301,2,3,100484510032
81902301,3,7,98673824793
81902301,4,5,95018832108
81902301,5,2,92591841905
81916601,1,6,110542372523
81916601,2,3,100484493380
81916601,3,7,98673824793
81916601,4,5,95018832108
81916601,5,2,92591841905
82000701,1,7,98673824793
82000701,2,5,95018570231
82000701,3,2,92591585734
82000701,4,4,85292762690
82000701,5,10,51487257667
82002501,1,6,110541067735
82002501,2,5,95017522604
82002501,3,2,92589712431
82002501,4,1,59491001555
82002501,5,10,51487674237
82003101,1,6,110542381444
82003101,2,3,100484510032
82003101,3,7,98673824793
82003101,4,2,92591841905
82003101,5,1,59484839913
82003201,1,6,110542379196
82003201,2,3,100484510032
82003201,3,7,98673822179
82003201,4,5,95018829391
82003201,5,4,85292760549
82003401,1,6,110542381444
82003401,2,3,100484510032
82003401,3,7,98673824793
82003401,4,2,92585019084
82003401,5,4,85287240841
82003801,1,6,110542381444
82003801,2,3,100484510032
82003801,3,7,98673824793
82003801,4,5,95016678644
82003801,5,2,92591841905
82003901,1,6,110542381444
82003901,2,3,100484510032
82003901,3,7,98673824793
82003901,4,5,95018832108
82003901,5,4,85292760812
82004501,1,6,110542381444
82004501,2,3,100484510032
82004501,3,7,98673824793
82004501,4,5,95018769994
82004501,5,4,85292762690
82005901,1,6,110542381444
82005901,2,3,100484510032
82005901,3,7,98673824793
82005901,4,5,95018832108
82005901,5,2,92591841905
82006001,1,6,110542381444
82006001,2,3,100484510032
82006001,3,7,98673824793
82006001,4,5,95018832108
82006001,5,2,92591841905
82006600,1,6,110542381444
82006600,2,3,100484510032
82006600,3,7,98673824793
82006600,4,5,95018832108
82006600,5,2,92591841905
82018901,1,6,110541948000
82018901,2,3,100484221026
82018901,3,4,85291816943
82018901,4,1,59492690176
82018901,5,10,51487674237
82100501,1,6,110541886041
82100501,2,3,100484194576
82100501,3,5,95018551106
82100501,4,1,59492690176
82100501,5,10,51487674237
82101601,1,3,100480864242
82101601,2,7,98673824793
82101601,3,5,95018832108
82101601,4,2,92591841905
82101601,5,4,85288125724
82301301,1,6,110542381444
82301301,2,3,100483736263
82301301,3,7,98673824793
82301301,4,5,95017687859
82301301,5,1,59492201086
82302501,1,7,98673204667
82302501,2,2,92590954808
82302501,3,1,59492305965
82302501,4,10,51487226058
82302501,5,9,49803061505
82306001,1,3,100451213270
82306001,2,7,98673824793
82306001,3,5,94977172064
82306001,4,2,92564528135
82306001,5,4,85292762690
82316701,1,3,100484306530
82316701,2,2,92591570637
82316701,3,4,85292513453
82316701,4,1,59492690176
82316701,5,10,51487674237
82337801,1,6,110542381444
82337801,2,3,100484510032
82337801,3,7,98673824793
82337801,4,5,95018832108
82337801,5,2,92591841905
82345600,1,6,110542381444
82345600,2,3,100484510032
82345600,3,7,98673824793
82345600,4,5,95018832108
82345600,5,2,92591841905
82345701,1,7,98673787532
82345701,2,5,95018786526
82345701,3,2,92591841905
82345701,4,4,85292746475
82345701,5,10,51487674237
82400201,1,3,100484346152
82400201,2,7,98673824793
82400201,3,5,95018676264
82400201,4,2,92591841905
82400201,5,4,85292670141
82400401,1,6,110542381444
82400401,2,3,100484490151
82400401,3,7,98673795850
82400401,4,2,92591804371
82400401,5,4,85292720857
82400701,1,6,110542327788
82400701,2,5,95018739625
82400701,3,2,92591841905
82400701,4,4,85292704873
82400701,5,1,59492614330
82500201,1,6,110542381444
82500201,2,3,100484510032
82500201,3,7,98673824793
82500201,4,5,95018832108
82500201,5,2,92591841905
82515600,1,7,98673774864
82515600,2,5,95018791872
82515600,3,2,92591841905
82515600,4,4,85292710493
82515600,5,10,51487674237
82800001,1,3,100484487559
82800001,2,5,95018814334
82800001,3,2,92591841905
82800001,4,4,85292750855
82800001,5,10,51487674237
83200001,1,6,110542067442
83200001,2,3,100484377880
83200001,3,7,98673532855
83200001,4,2,92591841905
83200001,5,4,85292503045
83700001,1,6,110542381444
83700001,2,3,100484510032
83700001,3,7,98673824793
83700001,4,2,92591841905
83700001,5,4,85287970219
83700201,1,6,110542381444
83700201,2,3,100484510032
83700201,3,7,98673824793
83700201,4,5,95018832108
83700201,5,2,92591841905
83800001,1,6,110542381444
83800001,2,3,100484479482
83800001,3,7,98673824793
83800001,4,5,95018815174
83800001,5,4,85292717403
83800101,1,6,110542381444
83800101,2,3,100484510032
83800101,3,7,98673824793
83800101,4,5,95018832108
83800101,5,2,92591841905
83800201,1,6,110542381444
83800201,2,3,100481593641
83800201,3,7,98670194801
83800201,4,4,85290060442
83800201,5,9,49801201103
83800301,1,6,110542288231
83800301,2,3,100484510032
83800301,3,7,98673824793
83800301,4,5,95018752972
83800301,5,1,59492591876
83800401,1,6,110542381444
83800401,2,3,100484510032
83800401,3,7,98673824793
83800401,4,5,95018832108
83800401,5,2,92591841905
83800501,1,6,110542381444
83800501,2,3,100484510032
83800501,3,7,98673824793
83800501,4,5,95018832108
83800501,5,2,92591841905
83800601,1,6,110542381444
83800601,2,3,100484510032
83800601,3,7,98673824793
83800601,4,5,95018832108
83800601,5,2,92591028330
90100810,1,6,110539749945
90100810,2,7,98670175512
90100810,3,2,92585511692
90100810,4,4,85292762690
90100810,5,1,59483967842
90100920,1,6,110542381444
90100920,2,3,100484510032
90100920,3,7,98673824793
90100920,4,5,95018832108
90100920,5,2,92591841905
90101201,1,3,100484510032
90101201,2,7,98673807915
90101201,3,2,92591841905
90101201,4,4,85292723695
90101201,5,1,59492690176
90101601,1,6,110541486673
90101601,2,5,95017838051
90101601,3,4,85291821756
90101601,4,1,59492690176
90101601,5,10,51487674237
90103101,1,3,100483587366
90103101,2,7,98673824793
90103101,3,2,92591841905
90103101,4,1,59491366461
90103101,5,10,51486512064
90103601,1,6,110542381444
90103601,2,3,100484510032
90103601,3,7,98673824793
90103601,4,5,95018832108
90103601,5,2,92591841905
90103701,1,3,100484493008
90103701,2,7,98673824793
90103701,3,2,92591810618
90103701,4,1,59492670303
90103701,5,10,51487674237
90104001,1,6,110542381444
90104001,2,3,100484510032
90104001,3,7,98673824793
90104001,4,5,95018832108
90104001,5,4,85292737388
90104401,1,6,110513499969
90104401,2,3,100484510032
90104401,3,7,98631404016
90104401,4,4,85278808375
90104401,5,1,59492690176
90104501,1,6,110541678223
90104501,2,3,100484510032
90104501,3,5,95018158184
90104501,4,2,92591841905
90104501,5,10,51487674237
90104701,1,6,110542381444
90104701,2,3,100484510032
90104701,3,7,98673824793
90104701,4,5,95018832108
90104701,5,4,85292762690
90105101,1,6,110542381444
90105101,2,3,100403618079
90105101,3,2,92508878436
90105101,4,10,51357170806
90105101,5,9,49626649087
90105801,1,3,100484510032
90105801,2,7,98672409791
90105801,3,5,95017915424
90105801,4,4,85290901274
90105801,5,1,59490400460
90106501,1,6,110542042702
90106501,2,3,100484400514
90106501,3,7,98673397354
90106501,4,1,59492328448
90106501,5,10,51487674237
90107001,1,3,100484063654
90107001,2,7,98673231749
90107001,3,5,95018832108
90107001,4,4,85292104168
90107001,5,1,59492327051
90107101,1,6,110542381444
90107101,2,3,100484510032
90107101,3,7,98673824793
90107101,4,5,95018832108
90107101,5,2,92591841905
90107201,1,6,110542381444
90107201,2,3,100484510032
90107201,3,7,98673824793
90107201,4,5,95018832108
90107201,5,4,85292737719
90107401,1,3,100484510032
90107401,2,5,94769521150
90107401,3,4,85083300963
90107401,4,1,59190406245
90107401,5,10,51487674237
90107501,1,6,110540141495
90107501,2,2,92591841905
90107501,3,4,85291236180
90107501,4,1,59490515261
90107501,5,10,51487674237
90107901,1,6,110542381093
90107901,2,3,100484510032
90107901,3,7,98673824793
90107901,4,5,95018832108
90107901,5,2,92591841464
90108001,1,6,110542381444
90108001,2,3,100484510032
90108001,3,7,98673824793
90108001,4,5,95018832108
90108001,5,2,92591841905
90108101,1,6,110542195353
90108101,2,7,98673685345
90108101,3,4,85292762690
90108101,4,1,59492690176
90108101,5,10,51487674237
90108350,1,3,100484510032
90108350,2,5,95018832108
90108350,3,2,92591009892
90108350,4,4,85291006499
90108350,5,1,59491425421
90108701,1,6,110541576666
90108701,2,7,98673004388
90108701,3,5,95018832108
90108701,4,2,92590863149
90108701,5,4,85292762690
90108801,1,6,110542381444
90108801,2,7,98671282005
90108801,3,5,95016220907
90108801,4,4,85292762690
90108801,5,1,59492690176
90109001,1,6,110541891152
90109001,2,3,100484510032
90109001,3,7,98673824793
90109001,4,5,95018832108
90109001,5,2,92591266773
90109101,1,7,98673672330
90109101,2,5,95018675980
90109101,3,4,85292687344
90109101,4,1,59492588596
90109101,5,10,51487674237
90109701,1,3,100484470887
90109701,2,5,95018769888
90109701,3,4,85292728175
90109701,4,1,59492664724
90109701,5,9,49803678986
90111001,1,3,100484510032
90111001,2,7,98658117676
90111001,3,2,92591841905
90111001,4,4,85279464097
90111001,5,1,59492690176
90111201,1,6,110542381444
90111201,2,3,100484510032
90111201,3,7,98673824793
90111201,4,5,95018832108
90111201,5,2,92591841905
90112240,1,6,110542216832
90112240,2,3,100484510032
90112240,3,7,98673726475
90112240,4,2,92591841905
90112240,5,1,59492690176
90112300,1,7,98673824793
90112300,2,5,95018828102
90112300,3,2,92591833962
90112300,4,1,59492687410
90112300,5,10,51487674237
90114300,1,6,110542381444
90114300,2,3,100484457706
90114300,3,2,92591771822
90114300,4,4,85292762690
90114300,5,1,59492635584
90114600,1,6,110542381444
90114600,2,3,100484510032
90114600,3,7,98673824793
90114600,4,2,92591841905
90114600,5,4,85292762690
90114860,1,6,110542381444
90114860,2,3,100484510032
90114860,3,7,98673824793
90114860,4,5,95018492988
90114860,5,2,92591500097
90115050,1,6,110540258433
90115050,2,7,98673142861
90115050,3,2,92589710243
90115050,4,1,59490727444
90115050,5,10,51487674237
90116001,1,3,100481768660
90116001,2,7,98671944191
90116001,3,5,95018832108
90116001,4,4,85292762690
90116001,5,1,59487964384
90116150,1,6,110542381444
90116150,2,3,100484510032
90116150,3,7,98673824793
90116150,4,5,95018726757
90116150,5,2,92591841905
90116190,1,3,99282942673
90116190,2,7,98156227289
90116190,3,2,91840412814
90116190,4,4,84741650361
90116190,5,1,58868658867
90116901,1,6,110540785600
90116901,2,5,95016516486
90116901,3,1,59491007958
90116901,4,10,51486200605
90116901,5,9,49801992066
90117001,1,3,100484487291
90117001,2,5,95018793473
90117001,3,2,92591841905
90117001,4,4,85292737687
90117001,5,10,51487674237
90117101,1,6,110542381444
90117101,2,3,100484510032
90117101,3,7,98673824793
90117101,4,5,95018832108
90117101,5,2,92591841905
90117301,1,6,110486884939
90117301,2,3,100321839470
90117301,3,2,92393804355
90117301,4,4,85153736579
90117301,5,10,51200314607
90117601,1,6,110542381444
90117601,2,3,100483961676
90117601,3,5,95018174563
90117601,4,4,85292291061
90117601,5,1,59492690176
90117801,1,6,110542381444
90117801,2,3,100484510032
90117801,3,7,98673824793
90117801,4,5,95018832108
90117801,5,2,92591841905
90118201,1,6,110542381444
90118201,2,3,100484510032
90118201,3,7,98673824793
90118201,4,5,95018832108
90118201,5,2,92591841905
90134301,1,6,110540304579
90134301,2,3,100484510032
90134301,3,7,98673824793
90134301,4,5,95017615500
90134301,5,4,85292219489
90135201,1,6,110542167475
90135201,2,7,98673824793
90135201,3,2,92591841905
90135201,4,1,59492653468
90135201,5,10,51487674237
90135700,1,6,110542381444
90135700,2,3,100484510032
90135700,3,7,98673824793
90135700,4,5,95018832108
90135700,5,2,92591841905
90136701,1,3,100436208497
90136701,2,7,98607645972
90136701,3,4,85241630945
90136701,4,1,59492690176
90136701,5,10,51446876897
90137801,1,6,110542381444
90137801,2,3,100484510032
90137801,3,7,98673253679
90137801,4,2,92591841905
90137801,5,4,85291593057
90145701,1,3,100446197539
90145701,2,7,98566026310
90145701,3,2,92591841905
90145701,4,1,59423996797
90145701,5,10,51487674237
90154601,1,6,110540693696
90154601,2,3,100482924113
90154601,3,5,95017154500
90154601,4,2,92590270029
90154601,5,4,85292762690
90155301,1,3,100484478412
90155301,2,7,98673824793
90155301,3,5,95018805718
90155301,4,2,92591841905
90155301,5,1,59492671144
90157801,1,6,110542381444
90157801,2,7,98673824793
90157801,3,5,95018832108
90157801,4,2,92591841905
90157801,5,4,85292762252
90157901,1,6,110542381444
90157901,2,3,100484510032
90157901,3,7,98673824793
90157901,4,5,95018832108
90157901,5,2,92591841905
90158201,1,6,110542353258
90158201,2,3,100484493633
90158201,3,7,98673824793
90158201,4,2,92591829824
90158201,5,4,85292762690
90158301,1,3,100484506870
90158301,2,7,98673824793
90158301,3,5,95018829323
90158301,4,2,92591841905
90158301,5,4,85292756993
90158401,1,3,100484209968
90158401,2,5,95017883433
90158401,3,2,92591841905
90158401,4,4,85292762690
90158401,5,10,51487300025
90158501,1,6,110542098164
90158501,2,3,100484246422
90158501,3,5,95018832108
90158501,4,4,85292477557
90158501,5,10,51487133524
90158601,1,3,100484418843
90158601,2,7,98673824793
90158601,3,5,95018832108
90158601,4,2,92591841905
90158601,5,4,85292762690
90200110,1,6,110531080431
90200110,2,3,100484510032
90200110,3,5,94990516591
90200110,4,2,92577663689
90200110,5,10,51487674237
90200260,1,6,110542381444
90200260,2,3,100484510032
90200260,3,7,98673824793
90200260,4,5,95018832108
90200260,5,2,92591841905
90201201,1,7,98673824793
90201201,2,5,95018832108
90201201,3,2,92591841905
90201201,4,4,85292761845
90201201,5,1,59492689587
90201600,1,6,110473684789
90201600,2,3,100410602639
90201600,3,7,98638299507
90201600,4,2,92484006253
90201600,5,4,85292762690
90201701,1,6,110542348986
90201701,2,5,95018802176
90201701,3,2,92591841905
90201701,4,4,85292762690
90201701,5,1,59492668715
90202101,1,6,110541376107
90202101,2,3,100484510032
90202101,3,7,98673056016
90202101,4,5,95017564892
90202101,5,2,92591841905
90203301,1,3,100484493671
90203301,2,7,98673818879
90203301,3,2,92591841905
90203301,4,10,51487654283
90203301,5,9,49803704431
90203501,1,6,110542176520
90203501,2,7,98673824793
90203501,3,5,95018506373
90203501,4,2,92591841905
90203501,5,4,85292762690
90203701,1,6,110542378962
90203701,2,3,100484508860
90203701,3,5,95018832108
90203701,4,2,92591839718
90203701,5,1,59492687585
90203901,1,6,110542381444
90203901,2,3,100484510032
90203901,3,7,98673824793
90203901,4,5,95018832108
90203901,5,2,92591841905
90204820,1,3,100484365908
90204820,2,5,95018522328
90204820,3,2,92591841905
90204820,4,1,59492569185
90204820,5,10,51487674237
90206430,1,3,100484137688
90206430,2,7,98673389333
90206430,3,5,95018365024
90206430,4,4,85292762690
90206430,5,10,51487128026
90207401,1,6,110542313802
90207401,2,5,95018832108
90207401,3,2,92591841905
90207401,4,4,85292676809
90207401,5,10,51487579688
90207760,1,3,100459776367
90207760,2,5,94965245082
90207760,3,2,92539995613
90207760,4,4,85292762690
90207760,5,1,59446502010
90209110,1,6,110542381444
90209110,2,3,100484510032
90209110,3,7,98673824793
90209110,4,5,95018832108
90209110,5,2,92591841905
90209420,1,6,110540584326
90209420,2,3,100483109290
90209420,3,7,98672676708
90209420,4,4,85292762690
90209420,5,1,59491635876
90209520,1,6,110542381444
90209520,2,3,100484427960
90209520,3,2,92591841905
90209520,4,1,59492599453
90209520,5,10,51487674237
90213201,1,6,110541571437
90213201,2,5,95018832108
90213201,3,2,92590985711
90213201,4,4,85292762690
90213201,5,1,59491764901
90214301,1,7,98667753313
90214301,2,5,95014248497
90214301,3,2,92591841905
90214301,4,4,85292762690
90214301,5,1,59489923933
90217401,1,6,110542381444
90217401,2,3,100484510032
90217401,3,7,98673824793
90217401,4,5,95018832108
90217401,5,2,92591841905
90217801,1,6,110542381444
90217801,2,3,100484510032
90217801,3,7,98673824793
90217801,4,5,95018832108
90217801,5,2,92591841905
90218901,1,3,100484510032
90218901,2,7,98673719227
90218901,3,5,95018725788
90218901,4,4,85292654547
90218901,5,9,49803594134
90220101,1,3,100484340569
90220101,2,7,98673680035
90220101,3,2,92591841905
90220101,4,4,85292762690
90220101,5,1,59492586045
90228901,1,3,100484510032
90228901,2,5,95018733812
90228901,3,4,85292762690
90228901,4,1,59492554898
90228901,5,10,51487278392
90238901,1,6,110542381444
90238901,2,3,100484510032
90238901,3,7,98673824793
90238901,4,5,95018832108
90238901,5,2,92591841905
90248901,1,7,98673815860
90248901,2,2,92591837550
90248901,3,4,85292752835
90248901,4,1,59492684592
90248901,5,10,51487674237
90257800,1,6,110542381444
90257800,2,3,100484510032
90257800,3,7,98673824793
90257800,4,5,95018832108
90257800,5,2,92591841905
90267801,1,6,110541507267
90267801,2,3,100482865891
90267801,3,1,59492398161
90267801,4,10,51486913433
90267801,5,9,49801977486
90268301,1,6,110541861633
90268301,2,3,100484510032
90268301,3,7,98673824793
90268301,4,2,92591243155
90268301,5,10,51487525973
90300501,1,3,100484510032
90300501,2,7,98673824793
90300501,3,2,92591841905
90300501,4,4,85077896680
90300501,5,1,59164811580
90301510,1,6,110491254057
90301510,2,3,100392618356
90301510,3,7,98673824793
90301510,4,2,92591841905
90301510,5,4,85292762690
90400401,1,6,110542381444
90400401,2,3,100484510032
90400401,3,7,98673824793
90400401,4,5,95018832108
90400401,5,2,92591841905
90415700,1,6,110542381444
90415700,2,3,100484510032
90415700,3,7,98670094743
90415700,4,2,92590458868
90415700,5,1,59490572022
90425401,1,6,110542381444
90425401,2,3,100484510032
90425401,3,7,98673824793
90425401,4,5,95018832108
90425401,5,2,92591841905
90434301,1,6,110541623830
90434301,2,7,98673019943
90434301,3,5,95018170898
90434301,4,4,85292762690
90434301,5,10,51487239749
90435700,1,6,110542381444
90435700,2,7,98673289557
90435700,3,2,92591643959
90435700,4,4,85292762690
90435700,5,1,59492690176
90500550,1,6,110542381444
90500550,2,3,100484510032
90500550,3,7,98673824793
90500550,4,5,95018832108
90500550,5,2,92591841905
90500820,1,6,110542370911
90500820,2,3,100484502193
90500820,3,7,98673793602
90500820,4,5,95018799894
90500820,5,2,92591841905
90500960,1,6,110542381444
90500960,2,3,100484505348
90500960,3,2,92591841905
90500960,4,4,85292758474
90500960,5,1,59492690176
90503601,1,6,110275613194
90503601,2,3,100346126908
90503601,3,7,98598736288
90503601,4,5,94853923547
90503601,5,4,85292762690
90504501,1,6,110541995648
90504501,2,7,98673228908
90504501,3,5,95018351527
90504501,4,10,51487138926
90504501,5,9,49803711446
90515201,1,6,110542381444
90515201,2,7,98603953774
90515201,3,1,59409145581
90515201,4,10,51397865064
90515201,5,9,49770289069
90525401,1,3,100281124407
90525401,2,7,98673824793
90525401,3,5,94905921414
90525401,4,4,85292762690
90525401,5,1,59459154481
90600101,1,6,110542381444
90600101,2,7,98673218795
90600101,3,4,85291765156
90600101,4,10,51486832719
90600101,5,9,49802938849
90600210,1,5,95018553117
90600210,2,2,92591841905
90600210,3,4,85292367009
90600210,4,1,59492201254
90600210,5,10,51487674237
90601020,1,6,110542381444
90601020,2,3,100484510032
90601020,3,7,98672642549
90601020,4,5,95018832108
90601020,5,2,92591841905
90601201,1,6,110542381444
90601201,2,3,100484510032
90601201,3,7,98673824793
90601201,4,5,95018831771
90601201,5,4,85292762690
90601301,1,6,110536066371
90601301,2,3,100484510032
90601301,3,7,98673824793
90601301,4,4,85284777982
90601301,5,1,59487782228
90601601,1,6,110542381444
90601601,2,3,100484510032
90601601,3,7,98673824793
90601601,4,5,95018832108
90601601,5,2,92591841905
90608501,1,6,110542381444
90608501,2,3,100484510032
90608501,3,7,98673824793
90608501,4,5,95018832108
90608501,5,2,92591841905
90616100,1,6,110542285986
90616100,2,7,98673689908
90616100,3,5,95018832108
90616100,4,1,59492562946
90616100,5,9,49803590399
90616600,1,6,110542381444
90616600,2,3,100484510032
90616600,3,7,98673824793
90616600,4,5,95018832108
90616600,5,2,92591841905
90618701,1,6,110541750837
90618701,2,3,100484016981
90618701,3,7,98673046573
90618701,4,5,95018287472
90618701,5,2,92591841905
90700101,1,6,110542349232
90700101,2,3,100484482317
90700101,3,7,98673824793
90700101,4,2,92591841905
90700101,5,4,85292762690
90700501,1,6,110542381444
90700501,2,3,100484510032
90700501,3,7,98673824793
90700501,4,5,95018832108
90700501,5,2,92591841905
90700801,1,6,110542381444
90700801,2,7,98671958214
90700801,3,5,95018832108
90700801,4,2,92591841905
90700801,5,1,59491585012
90701090,1,5,95017511481
90701090,2,2,92590699507
90701090,3,4,85292762690
90701090,4,1,59491328973
90701090,5,10,51486322905
90701260,1,6,110542381444
90701260,2,3,100484510032
90701260,3,7,98673824793
90701260,4,5,95018832108
90701260,5,2,92591841905
90708701,1,6,110542381444
90708701,2,3,100482245228
90708701,3,5,95018832108
90708701,4,2,92589335825
90708701,5,4,85292762690
90716701,1,3,100484510032
90716701,2,7,98673824793
90716701,3,5,95018832108
90716701,4,4,85208523676
90716701,5,1,59492690176
90800430,1,7,98281389021
90800430,2,5,94720990131
90800430,3,1,59199017948
90800430,4,10,51487674237
90800430,5,9,49422175564
90800500,1,6,110542381444
90800500,2,3,100484510032
90800500,3,7,98673824793
90800500,4,5,95018832108
90800500,5,2,92591841905
90802901,1,6,110537864945
90802901,2,3,100477768314
90802901,3,7,98662702049
90802901,4,5,95018832108
90802901,5,10,51487674237
90803820,1,7,98673607632
90803820,2,5,95018832108
90803820,3,2,92591440491
90803820,4,1,59492441687
90803820,5,10,51487674237
90803960,1,3,100477501025
90803960,2,7,98671183810
90803960,3,2,92582610791
90803960,4,1,59490851176
90803960,5,10,51487674237
90817601,1,6,110541712874
90817601,2,3,100484158980
90817601,3,5,95018011326
90817601,4,10,51487674237
90817601,5,9,49802778157
90822101,1,3,100484321137
90822101,2,7,98673685388
90822101,3,5,95018832108
90822101,4,2,92591693414
90822101,5,4,85292762690
90900300,1,5,95017714636
90900300,2,2,92591250317
90900300,3,4,85292762690
90900300,4,1,59491799866
90900300,5,10,51487674237
90904400,1,6,110539784124
90904400,2,7,98673824793
90904400,3,2,92591210605
90904400,4,4,85291625132
90904400,5,1,59492690176
90905901,1,3,100470902644
90905901,2,5,95018832108
90905901,3,2,92571724067
90905901,4,4,85222508858
90905901,5,10,51487674237
90927101,1,3,100434355662
90927101,2,5,94983703368
90927101,3,2,92591841905
90927101,4,4,85254483098
90927101,5,1,59492690176
90927201,1,3,100483885846
90927201,2,5,95018542239
90927201,3,2,92591496343
90927201,4,1,59491976906
90927201,5,9,49803222748
91000001,1,6,110542297506
91000001,2,2,92591730893
91000001,3,4,85292632684
91000001,4,1,59492690176
91000001,5,10,51487674237
91000120,1,6,110540606015
91000120,2,3,100484510032
91000120,3,7,98673824793
91000120,4,5,95017314556
91000120,5,1,59490882249
91000630,1,7,98671217838
91000630,2,2,92589537610
91000630,3,4,85290278602
91000630,4,1,59492690176
91000630,5,10,51487674237
91000801,1,6,110541865532
91000801,2,3,100483848208
91000801,3,7,98673824793
91000801,4,5,95018467308
91000801,5,2,92591841905
91002001,1,6,110542381444
91002001,2,3,100484092346
91002001,3,5,95018023009
91002001,4,2,92591841905
91002001,5,10,51487369701
91006301,1,6,110392124461
91006301,2,3,100484510032
91006301,3,2,92459397721
91006301,4,1,59378506420
91006301,5,10,51487674237
91006901,1,3,100482296767
91006901,2,5,95017052787
91006901,3,2,92591054215
91006901,4,4,85292762690
91006901,5,9,49800867239
91007001,1,3,100483850841
91007001,2,7,98672870781
91007001,3,4,85292762690
91007001,4,1,59491276148
91007001,5,10,51486919240
91100001,1,3,100484322683
91100001,2,7,98673592822
91100001,3,2,92591841905
91100001,4,1,59492508447
91100001,5,10,51487674237
91100701,1,6,110542381444
91100701,2,7,98642994241
91100701,3,5,95018832108
91100701,4,4,85264038205
91100701,5,1,59467188343
91100801,1,6,110540675984
91100801,2,3,100480681988
91100801,3,7,98673824793
91100801,4,4,85288489083
91100801,5,10,51486360776
91101001,1,6,110542381444
91101001,2,7,98673757721
91101001,3,5,95018832108
91101001,4,2,92591841905
91101001,5,4,85292762690
91102430,1,6,110542381444
91102430,2,3,100484507349
91102430,3,7,98673824793
91102430,4,4,85292762690
91102430,5,1,59492690176
91200420,1,6,110542381444
91200420,2,3,100484510032
91200420,3,7,98673824793
91200420,4,5,95018832108
91200420,5,2,92591841905
91201101,1,6,110542381444
91201101,2,3,100484510032
91201101,3,7,98673824793
91201101,4,5,95018832108
91201101,5,4,85287080319
91201420,1,6,110542381444
91201420,2,3,100484510032
91201420,3,7,98673824793
91201420,4,5,95018832108
91201420,5,2,92591841905
91202120,1,6,110542381444
91202120,2,3,100484510032
91202120,3,7,98673824793
91202120,4,5,95018832108
91202120,5,2,92591841905
91202801,1,6,110542381444
91202801,2,3,100484510032
91202801,3,7,98673824793
91202801,4,5,95018832108
91202801,5,2,92591841905
91207801,1,6,110542381444
91207801,2,3,100483784024
91207801,3,7,98673496693
91207801,4,4,85292762690
91207801,5,1,59492001793
91300001,1,6,110542381444
91300001,2,3,100484510032
91300001,3,7,98673824793
91300001,4,5,95018832108
91300001,5,2,92591841905
91300101,1,6,110526332996
91300101,2,7,98643620362
91300101,3,2,92560901789
91300101,4,1,59468122133
91300101,5,9,49780131373
91300201,1,6,110542381444
91300201,2,3,100484510032
91300201,3,7,98673824793
91300201,4,5,95018618006
91300201,5,2,92591841905
91300301,1,6,110542379267
91300301,2,3,100484510032
91300301,3,5,95018829309
91300301,4,4,85292762690
91300301,5,1,59492686580
91300401,1,6,110542381444
91300401,2,3,100484510032
91300401,3,7,98673824793
91300401,4,5,95018832108
91300401,5,2,92591841905
91300501,1,6,110532143749
91300501,2,5,95006975362
91300501,3,2,92591841905
91300501,4,1,59485614528
91300501,5,9,49791021609
91300601,1,3,100484506238
91300601,2,7,98673820636
91300601,3,2,92591839834
91300601,4,4,85292762690
91300601,5,1,59492687115
91300701,1,3,100484510032
91300701,2,7,98673797917
91300701,3,5,95018823478
91300701,4,4,85292730069
91300701,5,10,51487674237
91300801,1,6,110542354791
91300801,2,3,100484489296
91300801,3,5,95018832108
91300801,4,2,92591823055
91300801,5,4,85292762690
91300901,1,6,110542381444
91300901,2,3,100484510032
91300901,3,7,98673824793
91300901,4,2,92591840105
91300901,5,4,85292760129
91301001,1,6,110542381444
91301001,2,3,100484510032
91301001,3,7,98673824793
91301001,4,5,95018832108
91301001,5,2,92591841905
91301101,1,6,110542381444
91301101,2,3,100484510032
91301101,3,7,98673824793
91301101,4,5,95018832108
91301101,5,2,92587807088
91301201,1,6,110542381444
91301201,2,3,100484510032
91301201,3,7,98673824793
91301201,4,5,95018832108
91301201,5,2,92591841905
91301301,1,6,110542381444
91301301,2,3,100484510032
91301301,3,7,98673824793
91301301,4,5,95018832108
91301301,5,2,92591841905
91301401,1,6,110542381444
91301401,2,3,100484510032
91301401,3,7,98664225435
91301401,4,5,95004034487
91301401,5,1,59492690176
91301501,1,6,110542381444
91301501,2,3,100484510032
91301501,3,7,98673824793
91301501,4,5,95018832108
91301501,5,4,85292762690
91301601,1,6,110542381444
91301601,2,3,100484510032
91301601,3,7,98673824793
91301601,4,5,95018832108
91301601,5,2,92591841905
91301701,1,6,110542381444
91301701,2,3,100484510032
91301701,3,7,98673824793
91301701,4,5,95018832108
91301701,5,2,92591841905
91400101,1,6,110542381444
91400101,2,3,100484510032
91400101,3,7,98673824793
91400101,4,5,95018832108
91400101,5,2,92591841905
91500001,1,6,110542364861
91500001,2,3,100484486406
91500001,3,7,98673824793
91500001,4,2,92591828604
91500001,5,9,49803696649
91718901,1,6,110542381444
91718901,2,3,100484510032
91718901,3,7,98673824793
91718901,4,5,95018832108
91718901,5,2,92591841905
